pet_id,user_id,animal_category_id,name,gender,birth_date,weight_kg,size,body_type,neutered,inactive_at,created_at,updated_at
1,1,2,루비,F,2021-06-16,5.2,3,3,0,,2025-05-12 02:13:28,2026-04-14 01:18:17
2,1,1,탄이,F,2022-11-03,25.4,4,2,0,,2025-11-17 14:35:59,2026-08-21 22:16:05
3,2,2,망고,M,2012-03-22,2.1,1,4,1,,2026-04-23 11:58:35,2026-05-11 18:11:27
4,3,1,레오,F,2023-03-05,18.9,3,2,0,,2025-03-30 03:09:12,2026-07-06 10:48:06
5,4,1,까미,M,2017-11-09,3.8,1,4,0,,2026-03-28 02:41:21,2026-03-31 08:18:38
6,5,1,호두,M,2019-08-09,20.5,3,2,1,,2026-06-20 09:24:17,2026-08-21 10:41:56
7,5,1,단추,F,2025-01-16,4.3,2,3,0,,2026-07-07 01:56:39,2026-08-05 15:42:44
8,6,1,밤비,M,2026-05-13,5.2,3,3,0,,2026-06-23 06:04:29,2026-08-19 07:30:53
9,7,1,밤비,F,2021-07-29,29.8,5,5,1,,2026-01-08 01:01:43,2026-07-12 13:05:30
10,8,1,라떼,F,2024-12-25,4.6,1,4,0,,2025-03-21 15:03:29,2025-08-28 04:09:38
11,8,2,몽이,M,2023-03-01,3.4,2,4,0,,2025-09-02 18:15:34,2025-10-07 13:52:15
12,9,1,까미,M,2021-12-25,3.2,1,3,0,,2025-12-29 07:19:17,2026-08-16 15:40:11
13,10,1,두부,M,2024-06-29,9.4,3,4,0,,2026-03-30 02:20:53,2026-07-19 02:38:34
14,11,1,방울,F,2021-01-23,13.3,2,5,1,,2026-04-09 14:09:24,2026-06-17 07:05:36
15,12,1,베리,F,2023-06-08,18.2,3,3,0,,2026-02-05 17:12:47,2026-07-22 23:18:52
16,12,2,마루,M,2020-02-23,6.1,2,3,0,,2025-11-16 02:11:23,2026-02-24 15:27:49
17,12,1,봄이,F,2026-06-22,4.4,3,5,1,,2026-07-13 09:31:53,2026-07-24 23:21:24
18,13,1,해피,M,2023-06-30,27.5,4,2,0,,2026-05-11 17:11:53,2026-08-25 15:00:54
19,13,2,방울,F,2019-08-25,3.3,1,3,1,,2026-08-25 05:13:45,2026-08-25 16:22:09
20,14,1,달이,M,2019-12-21,2.0,1,1,0,,2025-11-08 13:46:37,2026-03-09 11:00:49
21,14,2,달이,F,2022-12-03,4.0,1,3,0,,2026-08-23 07:37:20,2026-08-24 03:49:04
22,15,1,망고,F,2016-07-11,30.3,3,4,1,,2023-07-20 06:36:46,2026-03-10 12:25:00
23,16,1,해피,F,2019-05-27,6.0,2,4,1,,2026-05-04 19:08:47,2026-08-08 19:26:38
24,16,1,코코,M,2024-08-30,33.7,5,3,1,,2025-01-03 11:44:38,2025-05-15 20:54:03
25,17,1,먼지,M,2019-01-13,25.3,3,4,1,,2026-01-10 14:50:07,2026-08-07 18:14:12
26,18,2,두부,M,2022-11-03,7.0,2,5,1,,2025-05-05 06:22:52,2026-06-02 09:19:52
27,19,1,몽이,F,2022-03-18,15.5,2,3,0,,2025-07-03 23:56:59,2026-06-04 08:57:21
28,19,1,해피,M,2018-01-19,12.5,3,3,0,,2025-09-22 04:34:05,2025-12-11 00:20:39
29,20,1,방울,F,2020-08-09,5.1,2,3,1,,2024-10-21 02:36:15,2025-09-20 02:25:18
30,21,1,별이,M,2021-06-01,9.8,3,3,0,,2025-03-02 15:54:14,2025-04-25 11:51:18
31,22,1,아톰,F,2019-11-26,6.0,3,2,0,,2026-04-03 03:09:08,2026-04-18 23:33:41
32,23,1,보리,F,2020-11-27,14.7,2,2,1,,2026-03-21 20:22:33,2026-05-16 08:18:19
33,23,1,레오,F,2026-04-19,3.5,1,3,0,,2026-08-22 12:24:35,2026-08-25 05:28:12
34,23,1,구름,F,2019-12-06,12.5,3,4,0,,2025-01-11 02:19:15,2026-07-04 15:01:48
35,24,1,코코,F,2023-01-30,3.4,1,4,0,,2026-08-09 09:56:02,2026-08-18 23:32:20
36,24,1,탄이,F,2022-04-04,11.8,3,3,1,,2026-05-27 09:17:05,2026-06-15 04:07:51
37,25,1,삐삐,F,2022-02-22,,3,4,0,,2025-06-15 23:55:07,2025-12-03 07:38:45
38,26,2,마루,M,2019-12-08,4.9,2,1,1,,2026-03-31 08:48:45,2026-07-29 03:32:56
39,26,1,모카,M,2017-04-14,22.0,4,5,1,,2026-07-07 14:36:33,2026-08-21 00:51:41
40,27,1,유리,F,2024-10-03,26.3,5,3,0,,2026-03-29 02:49:31,2026-07-28 12:53:23
41,28,1,쿠키,M,2025-12-08,9.8,3,2,1,,2026-08-06 22:33:22,2026-08-24 23:54:10
42,28,1,나비,M,2025-07-26,21.1,4,3,1,,2026-08-06 09:08:53,2026-08-15 09:00:22
43,29,2,봄이,M,2016-03-22,7.4,3,3,1,,2026-02-18 18:38:32,2026-06-13 11:45:36
44,29,1,달이,F,2020-03-04,5.4,3,2,1,,2025-05-10 21:16:48,2025-09-17 18:28:35
45,30,1,슈슈,M,2023-05-09,3.1,1,3,0,,2026-07-30 11:20:45,2026-08-05 00:13:21
46,30,1,가을,F,2013-02-27,4.2,2,3,1,,2026-08-19 07:16:33,2026-08-21 22:42:59
47,31,1,유리,F,2014-08-15,12.8,3,4,0,,2025-06-14 18:15:48,2025-12-14 19:38:36
48,31,1,가을,M,2019-09-17,7.5,2,3,1,,2026-06-15 21:51:32,2026-07-28 04:43:20
49,31,1,두부,F,2024-04-26,13.9,3,1,1,,2025-07-09 20:55:58,2026-04-10 10:01:01
50,32,2,라떼,F,2020-07-18,4.5,2,3,1,,2025-11-18 06:58:05,2026-03-14 10:59:59
51,33,1,별이,F,2012-01-08,35.2,5,4,1,,2026-03-22 08:03:30,2026-04-21 09:15:02
52,34,1,방울,M,2023-01-19,12.8,3,3,1,,2025-06-14 18:33:55,2026-07-14 00:37:33
53,35,1,순이,M,2025-02-27,17.3,4,4,1,,2025-07-26 17:17:06,2026-05-19 11:56:42
54,35,1,삐삐,M,2022-12-11,7.8,2,2,1,,2024-12-31 21:48:31,2025-01-15 19:46:03
55,35,1,쿠키,M,2024-09-13,2.3,1,2,1,,2026-06-22 05:33:16,2026-06-28 18:06:43
56,36,1,해피,M,2025-04-17,,3,4,1,,2026-01-06 00:31:36,2026-02-05 01:07:52
57,36,1,보리,F,2023-07-20,3.8,1,3,0,,2026-04-23 16:14:14,2026-04-25 00:02:07
58,37,2,가을,F,2026-08-02,2.0,2,3,0,,2026-08-21 14:38:15,2026-08-23 23:08:48
59,38,1,순이,M,2025-03-07,17.6,3,4,0,,2025-07-24 05:47:04,2026-01-05 01:12:21
60,39,2,뽀삐,M,2017-10-22,3.3,2,3,1,,2025-11-16 14:14:09,2026-06-30 04:07:21
61,40,1,레오,F,2019-07-22,10.1,3,5,1,,2024-08-04 11:29:01,2025-05-15 07:36:13
62,41,1,레오,F,2018-02-12,7.1,1,3,1,,2025-05-28 21:57:42,2025-08-23 10:35:30
63,41,1,유리,M,2015-01-10,7.3,2,3,0,,2025-08-29 15:46:47,2026-01-19 20:00:05
64,42,2,두부,M,2020-07-02,5.9,2,4,1,,2026-05-07 17:46:14,2026-07-12 08:46:43
65,42,1,감자,M,2019-05-10,18.3,4,3,0,,2026-05-25 12:45:21,2026-07-28 07:04:56
66,43,1,호두,M,2021-07-31,10.2,3,2,1,,2026-03-27 17:44:17,2026-08-07 13:25:28
67,44,2,달이,F,2017-01-06,3.3,1,3,0,,2025-12-05 08:37:22,2026-03-08 05:25:04
68,45,1,가을,M,2022-07-15,6.5,1,3,0,,2026-07-26 01:01:18,2026-07-27 14:11:47
69,45,2,쿠키,M,2023-06-30,6.4,2,3,1,,2026-06-27 21:29:33,2026-07-31 09:08:11
70,45,1,삐삐,F,2017-07-22,7.4,3,4,0,,2026-05-11 18:01:20,2026-06-18 13:58:35
71,46,1,별이,F,2026-04-22,3.3,2,4,1,,2026-08-10 07:37:11,2026-08-19 22:50:19
72,47,1,똘이,F,2024-07-17,24.7,4,2,1,,2026-08-11 18:28:03,2026-08-14 08:48:56
73,48,2,콩이,F,2025-05-07,5.4,3,3,1,,2025-09-20 10:11:07,2025-11-21 03:33:39
74,48,1,콩이,M,2023-08-31,,2,4,0,2026-06-05 06:39:58,2025-08-22 05:07:27,2026-08-15 14:12:31
75,49,2,코코,F,2024-11-10,3.0,1,4,1,,2026-06-26 14:31:47,2026-07-22 10:16:59
76,50,1,슈슈,M,2016-09-10,24.2,4,3,0,,2024-09-27 13:35:13,2025-01-04 12:05:52
77,50,1,구름,F,2012-08-26,23.1,4,4,1,,2025-05-01 18:28:30,2025-06-27 03:18:54
78,51,2,봄이,F,2015-01-21,3.8,1,3,1,,2026-03-04 06:40:33,2026-07-15 08:38:22
79,51,1,별이,F,2020-08-01,26.8,4,3,0,,2025-01-29 00:11:46,2025-08-16 01:21:22
80,52,1,해피,F,2020-05-10,3.8,2,3,0,,2024-08-09 03:25:02,2026-02-21 20:20:22
81,53,1,망고,M,2014-02-23,7.2,2,3,0,,2026-06-05 12:20:03,2026-07-28 22:11:13
82,54,1,호두,F,2020-07-23,8.7,2,3,1,,2025-02-25 19:11:28,2026-03-09 05:08:15
83,55,1,마루,F,2021-07-18,13.3,3,3,1,,2026-02-12 00:58:06,2026-04-06 18:04:22
84,56,1,쿠키,F,2016-12-09,26.3,4,3,0,,2026-07-11 00:19:56,2026-08-23 02:11:51
85,56,1,삐삐,M,2021-08-31,8.4,2,2,0,,2026-05-26 04:56:20,2026-06-27 02:37:21
86,57,1,단추,F,2020-10-29,19.9,3,4,1,,2026-06-23 18:26:13,2026-08-07 11:01:05
87,57,1,봄이,M,2026-07-26,5.2,3,5,1,,2026-08-19 14:25:33,2026-08-22 23:38:09
88,58,1,별이,M,2023-08-08,25.7,3,3,1,,2026-04-09 03:34:03,2026-05-03 04:18:12
89,59,1,달이,M,2024-04-13,18.5,3,4,0,,2026-03-20 14:08:23,2026-05-10 21:21:36
90,60,1,뽀삐,F,2021-12-25,26.5,4,4,1,,2026-03-24 01:49:36,2026-07-16 08:27:36
91,61,1,몽이,F,2022-12-30,17.1,4,4,1,,2026-07-26 21:43:30,2026-08-03 13:28:17
92,61,1,레오,M,2023-12-26,4.4,2,4,0,,2026-04-02 14:34:29,2026-06-17 14:55:30
93,62,1,똘이,F,2017-01-06,25.8,4,3,1,,2026-01-30 06:13:51,2026-03-28 05:01:33
94,63,1,해피,M,2019-02-06,2.9,1,4,1,,2024-01-29 19:51:26,2025-02-18 13:55:41
95,64,1,두부,F,2019-09-23,21.6,3,3,0,,2026-01-04 23:46:19,2026-03-23 06:44:37
96,65,1,방울,F,2024-08-05,4.5,2,3,1,,2025-01-25 17:02:08,2025-06-07 11:20:12
97,65,1,가을,F,2025-03-12,3.9,2,3,0,,2025-12-24 16:47:05,2026-03-11 01:41:27
98,66,1,마루,M,2013-03-10,10.2,3,1,1,,2025-10-08 04:21:02,2025-12-14 19:29:20
99,67,1,쿠키,F,2018-07-07,7.3,2,3,1,,2026-07-01 11:22:48,2026-08-17 20:54:15
100,67,1,초코,M,2015-02-12,12.2,3,3,1,,2026-03-29 02:55:54,2026-08-02 15:18:55
101,68,1,코코,M,2021-05-09,10.1,3,3,1,,2026-06-30 14:34:29,2026-08-19 03:27:31
102,69,1,방울,F,2021-02-27,31.8,4,4,1,,2024-10-21 12:53:33,2025-09-13 06:59:57
103,70,1,방울,F,2019-10-20,7.4,2,4,1,,2026-08-10 19:45:50,2026-08-17 09:53:23
104,70,1,쿠키,M,2022-09-09,11.4,4,5,1,,2026-06-03 04:03:46,2026-07-11 03:50:44
105,70,1,달이,F,2020-11-25,6.7,2,5,0,,2026-06-30 04:39:53,2026-08-22 19:54:50
106,71,1,달이,M,2016-02-25,5.5,1,4,1,,2026-01-15 22:33:16,2026-03-11 06:00:26
107,71,1,몽이,M,2021-08-03,18.6,4,4,1,,2026-03-01 07:13:06,2026-05-19 12:10:09
108,72,1,떡볶이,M,2022-03-09,33.1,4,5,1,,2026-08-07 15:16:49,2026-08-18 17:16:12
109,73,1,밤비,F,2021-03-28,19.7,4,3,1,,2025-08-12 14:11:09,2025-09-25 02:33:07
110,74,1,토리,F,2023-05-15,32.1,4,3,0,,2023-11-09 14:06:30,2026-01-01 07:11:50
111,75,1,콩이,M,2026-08-19,4.2,4,2,1,,2026-08-23 22:43:10,2026-08-25 04:22:19
112,76,2,망고,F,2018-09-09,4.1,2,3,0,,2026-08-24 09:28:09,2026-08-25 16:35:59
113,76,2,치즈,M,2023-02-22,4.9,2,3,0,,2026-06-16 13:46:50,2026-06-18 23:11:20
114,77,1,구름,F,2022-08-04,19.2,4,5,1,,2023-10-13 09:27:27,2025-05-27 18:53:05
115,78,1,설이,F,2022-12-25,13.5,3,3,0,,2025-09-12 04:39:57,2026-02-24 21:01:30
116,79,2,유리,M,2023-02-25,6.4,1,3,1,,2024-09-23 10:11:21,2025-01-05 04:43:48
117,80,2,단추,M,2013-08-24,3.8,3,2,1,,2026-05-27 18:38:00,2026-06-14 09:51:25
118,80,1,까미,M,2025-01-24,20.7,4,3,1,,2026-07-22 15:33:58,2026-08-06 14:00:27
119,81,2,레오,M,2018-11-09,3.7,1,3,1,,2026-07-19 12:56:11,2026-08-08 13:54:58
120,82,1,라떼,M,2022-04-07,25.7,4,4,0,,2024-12-22 10:32:09,2026-01-06 12:41:49
121,82,1,감자,F,2026-08-08,1.6,2,3,0,,2026-08-25 07:19:42,2026-08-25 16:46:30
122,83,2,나비,F,2025-09-02,5.0,2,1,0,,2026-01-07 17:39:59,2026-06-23 23:50:28
123,84,1,보리,M,2023-09-28,13.5,3,3,1,,2026-08-08 10:27:39,2026-08-18 08:39:34
124,84,1,삐삐,M,2024-09-20,24.6,4,4,1,,2026-07-26 01:52:13,2026-08-14 07:29:54
125,84,1,초코,M,2017-01-31,14.7,3,2,1,,2026-08-23 04:54:09,2026-08-24 19:22:59
126,85,1,초코,F,2026-05-08,11.8,4,4,1,,2026-08-17 11:45:54,2026-08-22 17:51:41
127,86,1,별이,F,2021-08-16,11.6,3,4,0,,2026-04-01 03:21:35,2026-04-06 13:00:58
128,87,1,망고,M,2017-02-18,3.0,1,3,1,,2025-09-23 04:48:37,2026-06-01 17:36:21
129,88,1,밤비,M,2019-07-12,19.9,4,5,1,,2025-06-27 04:21:55,2026-04-14 13:28:31
130,89,1,코코,M,2022-10-28,3.7,2,3,0,,2026-08-21 05:57:22,2026-08-22 21:32:26
131,89,1,호두,F,2022-12-25,10.3,2,3,0,,2026-04-28 10:02:10,2026-06-21 10:00:36
132,89,1,달이,M,2022-03-22,28.5,4,3,0,,2025-03-24 17:49:34,2026-01-03 12:23:32
133,90,2,토리,M,2019-11-24,3.2,1,3,1,,2026-06-02 10:05:06,2026-06-03 00:50:52
134,91,1,떡볶이,M,2026-02-10,4.1,2,4,0,,2026-04-17 19:36:06,2026-06-30 17:37:34
135,92,1,탄이,M,2013-11-12,14.0,3,4,1,,2025-10-02 04:12:55,2026-04-06 21:33:11
136,93,1,탄이,M,2020-09-13,1.9,2,3,1,,2025-07-07 15:36:12,2025-11-18 08:10:41
137,94,1,라떼,F,2026-04-23,7.0,2,3,1,,2026-06-19 10:50:17,2026-08-08 05:27:40
138,95,1,밤비,F,2015-01-31,23.7,4,2,1,,2025-05-09 09:28:51,2026-07-31 10:44:01
139,96,2,밤비,M,2017-10-23,2.6,1,4,1,,2026-01-15 23:59:26,2026-04-08 12:51:53
140,97,1,초코,M,2022-12-26,10.3,3,3,0,,2026-06-11 06:06:57,2026-07-29 04:23:08
141,98,1,마루,F,2012-09-18,22.6,4,3,1,,2026-06-25 01:41:57,2026-07-12 03:12:24
142,99,2,루비,F,2020-09-02,4.3,2,3,1,,2025-06-24 22:34:11,2026-02-10 07:53:06
143,100,1,떡볶이,M,2016-02-20,11.8,3,3,1,,2026-05-13 13:13:58,2026-07-27 10:19:27
144,101,1,떡볶이,F,2018-09-04,12.0,3,4,1,,2025-11-21 08:13:58,2026-03-18 11:55:10
145,101,1,호두,M,2023-03-14,8.0,2,3,1,,2025-04-10 21:11:46,2025-06-30 15:30:24
146,102,1,슈슈,F,2024-08-04,8.4,3,4,0,,2025-10-25 03:34:41,2026-02-08 10:41:48
147,103,1,레오,M,2026-05-16,3.7,3,5,1,,2026-06-28 07:32:30,2026-08-21 15:24:06
148,104,1,봄이,F,2017-06-22,17.1,4,3,1,,2024-04-05 01:06:19,2026-03-26 11:31:18
149,105,2,망고,M,2021-04-12,6.0,3,3,1,,2026-05-05 10:41:21,2026-06-14 12:33:02
150,105,1,떡볶이,M,2025-10-17,19.4,3,5,0,,2026-02-14 07:57:01,2026-04-11 20:05:23
151,105,1,레오,F,2023-01-26,8.5,3,3,0,2026-07-12 21:30:48,2026-05-25 20:16:14,2026-08-14 18:48:32
152,106,1,루비,F,2013-06-26,30.9,4,4,1,,2023-06-26 20:30:07,2023-12-18 22:02:14
153,106,1,탄이,F,2018-10-02,18.2,3,3,1,,2024-09-18 00:04:27,2025-07-19 09:32:33
154,107,1,루비,F,2022-09-29,25.6,4,3,0,,2024-11-07 21:28:10,2026-08-17 12:34:44
155,108,1,초코,M,2020-08-15,17.3,4,2,0,,2026-06-30 16:57:54,2026-08-24 00:42:40
156,109,1,보리,F,2018-01-16,23.8,4,3,1,,2026-03-19 08:45:25,2026-08-20 10:30:27
157,110,1,유리,M,2024-05-21,4.0,2,3,1,,2025-03-31 15:48:44,2026-08-06 17:34:43
158,111,2,호두,M,2016-06-12,6.1,3,2,1,,2023-07-16 13:46:01,2026-03-13 02:41:49
159,112,1,아톰,F,2020-06-13,10.1,3,2,0,,2026-08-21 11:47:43,2026-08-22 02:50:00
160,113,1,두부,M,2022-01-06,10.9,3,2,0,,2026-05-10 15:26:27,2026-05-13 22:27:23
161,113,1,토리,M,2018-05-16,18.0,3,3,1,,2025-01-25 12:54:38,2026-03-27 22:13:15
162,114,1,슈슈,F,2021-02-08,19.0,3,2,1,,2024-05-19 23:29:11,2024-06-30 08:13:56
163,115,1,감자,M,2013-10-11,1.5,1,4,1,,2024-05-01 18:14:19,2024-07-10 09:11:38
164,116,1,감자,F,2020-03-25,12.1,2,4,1,,2026-07-07 16:37:12,2026-08-13 11:22:45
165,116,1,망고,M,2013-06-23,30.5,4,5,1,,2026-05-04 01:53:48,2026-08-11 00:33:30
166,117,1,떡볶이,F,2024-09-28,1.7,1,5,0,,2026-04-01 08:29:50,2026-04-27 15:57:05
167,117,1,초코,F,2018-07-17,2.3,1,5,1,,2026-01-25 06:09:52,2026-03-25 16:50:25
168,117,1,레오,M,2023-12-28,2.0,1,3,1,,2026-07-30 00:17:16,2026-08-04 19:58:18
169,118,1,별이,F,2017-01-21,7.3,2,3,1,,2024-04-10 14:35:22,2025-05-06 23:25:45
170,119,1,베리,F,2021-12-06,26.8,4,4,1,,2026-06-24 08:53:31,2026-08-20 04:53:21
171,120,1,유리,F,2012-12-20,1.7,1,1,1,,2025-11-10 10:45:34,2025-12-25 18:19:26
172,121,1,떡볶이,M,2019-05-21,2.8,1,3,1,,2026-03-19 20:53:26,2026-03-29 18:24:24
173,122,1,별이,F,2018-12-01,12.2,3,3,1,,2024-04-06 08:41:45,2025-11-29 21:37:35
174,122,1,마루,M,2024-04-17,10.5,2,4,0,,2026-03-07 01:23:31,2026-05-21 17:36:59
175,123,2,보리,F,2018-10-31,,2,2,1,,2026-05-18 18:49:43,2026-08-05 08:36:21
176,124,2,베리,M,2021-04-22,2.6,1,3,0,,2026-02-02 04:12:02,2026-03-16 19:06:27
177,124,1,방울,F,2018-01-22,9.0,3,3,1,,2023-10-30 23:49:05,2024-07-11 18:33:10
178,124,1,방울,M,2025-08-08,19.5,4,5,1,,2026-07-21 10:01:46,2026-08-16 18:12:05
179,125,1,해피,M,2024-02-22,6.3,2,3,1,,2026-01-14 13:35:46,2026-01-22 20:13:36
180,125,2,탄이,F,2022-04-07,3.8,1,3,0,,2025-04-22 18:48:00,2026-08-10 08:48:36
181,125,1,슈슈,M,2023-03-25,10.5,3,3,0,,2026-08-14 18:31:58,2026-08-23 00:08:17
182,126,1,모카,M,2019-09-05,8.5,3,4,1,,2026-08-02 08:48:35,2026-08-19 02:41:35
183,127,2,베리,M,2024-10-06,3.1,2,4,0,,2026-04-21 00:43:42,2026-08-02 18:21:01
184,128,1,콩이,F,2023-12-21,20.0,3,1,1,,2026-08-22 06:57:53,2026-08-25 19:49:09
185,128,1,별이,F,2019-10-10,10.1,3,3,0,,2026-02-09 22:42:38,2026-08-16 17:24:31
186,129,1,베리,F,2018-01-20,22.5,3,3,1,,2026-04-11 11:55:32,2026-04-17 20:10:02
187,129,1,슈슈,F,2019-08-19,18.2,3,3,1,,2026-06-14 02:13:10,2026-08-18 00:59:19
188,129,1,밤비,M,2023-11-28,5.4,2,3,1,,2024-10-31 05:58:52,2025-09-30 03:27:44
189,130,1,방울,M,2017-09-09,11.0,3,2,1,,2024-07-17 08:40:15,2025-05-17 06:15:01
190,130,1,해피,M,2016-11-12,17.9,3,4,1,,2026-01-16 01:07:06,2026-08-20 04:26:54
191,131,1,망고,F,2024-03-16,9.0,3,2,1,,2025-04-15 15:41:54,2025-07-27 11:15:48
192,131,2,구름,F,2020-12-11,3.6,1,4,1,,2026-04-13 07:38:19,2026-07-08 03:35:10
193,132,1,두부,F,2022-04-12,7.5,2,1,1,,2026-02-17 21:56:17,2026-03-03 19:31:47
194,132,1,구름,M,2024-05-24,27.0,4,2,0,,2025-11-22 23:03:11,2026-04-20 15:38:14
195,133,2,초코,M,2022-12-23,4.6,2,4,1,,2025-02-02 03:33:21,2026-07-18 04:54:51
196,134,1,루비,F,2021-05-24,7.6,2,3,1,,2024-01-11 18:48:32,2025-03-04 12:28:43
197,135,1,떡볶이,F,2019-07-10,14.2,2,3,0,,2026-08-18 17:16:43,2026-08-19 11:14:19
198,135,1,라떼,F,2025-03-19,9.9,3,3,0,,2026-07-17 11:30:39,2026-08-23 06:25:23
199,136,1,코코,F,2016-06-21,9.2,3,2,1,,2025-04-21 06:01:49,2026-01-18 13:27:07
200,137,1,아톰,F,2023-07-20,32.4,4,3,0,,2024-02-10 08:16:47,2025-01-01 08:38:54
201,137,1,몽이,M,2022-02-12,7.5,2,3,0,,2023-01-23 20:49:32,2025-10-04 17:56:39
202,137,1,토리,M,2016-06-03,17.6,3,3,0,,2023-05-10 05:33:44,2023-11-14 22:07:06
203,138,1,루비,M,2017-12-29,18.2,3,3,1,,2024-09-27 21:46:00,2025-09-23 09:37:12
204,139,1,보리,M,2023-12-28,16.6,3,4,1,,2026-06-09 06:24:28,2026-07-19 03:15:39
205,140,2,베리,F,2023-11-13,,2,5,1,,2025-12-12 04:37:37,2026-06-10 19:01:57
206,141,2,아톰,F,2022-11-12,4.7,1,3,0,2026-06-29 17:09:21,2026-05-15 14:23:52,2026-07-06 23:40:00
207,142,1,설이,M,2025-03-16,12.8,3,3,1,,2026-04-26 01:44:27,2026-08-01 22:26:04
208,143,2,단추,M,2015-05-19,5.0,2,4,1,,2025-02-15 15:52:11,2025-03-15 23:35:02
209,143,2,나비,F,2023-08-01,2.7,1,3,0,,2026-06-22 07:26:46,2026-08-24 14:15:56
210,143,2,구름,M,2020-01-21,5.4,2,3,1,,2025-09-12 05:51:09,2026-02-27 07:29:33
211,144,1,밤비,F,2017-06-09,6.1,3,3,1,,2026-08-11 08:12:20,2026-08-18 05:32:51
212,145,1,라떼,M,2014-01-20,10.7,3,3,0,,2025-04-01 04:12:45,2026-06-25 10:04:36
213,146,2,베리,M,2023-02-13,3.7,2,2,1,,2025-12-07 03:27:45,2026-06-24 12:26:14
214,147,1,단추,F,2021-06-10,18.5,3,3,1,2026-08-19 04:27:13,2026-08-10 07:12:02,2026-08-20 09:22:07
215,148,1,모카,F,2024-05-22,17.3,3,3,1,,2025-12-28 17:39:33,2026-01-01 22:55:46
216,149,2,쿠키,M,2020-02-17,4.1,2,3,1,,2026-01-12 16:02:33,2026-08-16 07:52:29
217,149,1,떡볶이,F,2024-04-11,24.2,4,5,0,,2026-06-07 16:59:35,2026-08-09 20:25:38
218,150,1,유리,F,2017-03-19,12.5,3,5,0,,2025-08-11 19:11:49,2025-11-25 07:35:38
219,150,1,떡볶이,M,2024-05-30,12.2,3,3,0,,2024-09-04 18:48:36,2025-08-04 07:20:30
220,151,1,똘이,F,2018-03-23,20.9,3,4,0,,2024-07-14 00:07:32,2025-10-13 22:00:59
221,152,1,가을,,2026-07-01,14.4,4,2,0,,2026-07-22 13:45:25,2026-07-23 04:45:37
222,152,1,라떼,F,2022-06-14,,4,2,1,,2026-03-09 03:03:42,2026-03-15 01:09:16
223,153,1,삐삐,M,2018-10-20,10.1,3,4,0,,2025-05-03 05:42:52,2025-06-21 01:50:22
224,154,1,별이,F,2012-10-22,4.1,2,3,1,,2026-07-24 19:13:25,2026-08-21 10:30:55
225,155,2,코코,M,2024-06-16,6.4,3,2,1,,2026-08-21 05:01:08,2026-08-22 13:52:07
226,156,1,마루,F,2026-06-18,2.2,2,4,1,,2026-07-09 12:05:02,2026-08-20 09:25:43
227,157,1,두부,F,2020-10-31,26.4,4,3,0,,2024-08-12 10:56:18,2026-04-07 14:05:42
228,158,1,모카,F,2016-06-16,11.3,3,3,1,,2026-05-21 01:26:58,2026-06-14 07:16:00
229,158,1,슈슈,F,2018-04-18,5.5,2,3,1,,2026-08-12 00:05:27,2026-08-25 14:35:32
230,159,2,아톰,,2019-06-20,4.6,2,4,1,,2025-04-30 05:43:12,2025-08-11 06:09:09
231,160,1,초코,F,2025-12-27,14.5,3,3,1,,2026-05-27 04:36:25,2026-07-31 02:36:54
232,160,1,라떼,F,2019-05-10,23.7,4,3,1,,2025-01-23 03:25:54,2025-09-21 14:44:56
233,161,1,치즈,M,2023-03-15,19.8,4,3,0,,2026-05-30 07:48:26,2026-06-12 03:05:20
234,162,1,망고,M,2019-08-13,16.4,3,4,0,,2025-11-22 17:11:58,2026-04-13 02:16:53
235,163,1,모카,F,2020-04-18,25.1,4,3,1,,2024-08-03 08:00:51,2025-06-11 02:25:19
236,164,1,설이,F,2022-04-21,8.2,3,2,1,,2026-05-25 13:23:02,2026-07-15 17:25:38
237,165,2,별이,F,2026-05-09,,2,3,0,,2026-07-24 12:08:55,2026-08-11 00:14:14
238,166,1,모카,F,2020-07-01,1.9,1,3,1,,2025-09-15 19:16:31,2026-03-24 05:27:31
239,167,1,마루,F,2015-10-04,11.1,3,3,0,,2026-01-11 00:13:08,2026-07-24 01:59:33
240,168,2,순이,F,2023-03-06,5.6,4,4,1,,2026-06-02 20:00:36,2026-08-14 15:48:45
241,169,1,레오,F,2025-11-23,27.2,3,4,0,,2026-05-23 22:28:33,2026-07-06 03:46:19
242,170,1,삐삐,M,2025-12-23,14.5,4,3,1,,2026-05-04 11:34:02,2026-06-10 01:04:57
243,171,1,코코,F,2022-03-18,4.5,2,4,1,,2026-03-27 16:13:51,2026-05-01 20:03:51
244,172,1,봄이,F,2011-08-05,24.5,4,1,1,,2025-03-29 15:30:09,2025-06-19 11:48:32
245,173,1,삐삐,M,2024-07-22,,3,2,0,,2026-03-21 07:35:51,2026-07-14 17:34:19
246,174,1,뽀삐,,2021-03-01,2.6,1,2,0,,2025-10-17 14:34:24,2026-06-12 10:58:01
247,175,1,두부,M,2026-02-23,2.5,2,2,0,,2026-05-27 16:54:27,2026-05-28 15:52:06
248,175,2,보리,F,2022-09-20,6.2,3,4,1,,2026-07-21 13:06:16,2026-08-08 09:43:26
249,176,1,몽이,F,2025-03-04,9.5,3,3,0,,2026-06-10 14:18:27,2026-07-08 03:17:29
250,177,2,레오,M,2020-11-02,7.0,2,3,1,,2026-08-25 20:23:40,2026-08-25 22:01:11
251,178,1,삐삐,M,2025-01-12,5.5,3,2,0,,2025-06-29 16:23:54,2026-04-19 11:18:07
252,179,1,밤비,F,2021-11-19,17.7,4,4,1,,2025-02-23 06:50:15,2026-01-13 18:33:43
253,180,1,감자,M,2013-09-02,10.3,3,5,1,,2025-01-08 10:14:19,2025-10-12 22:01:26
254,181,1,단추,M,2020-06-15,35.4,4,3,1,,2024-04-25 06:52:25,2025-04-30 01:44:14
255,181,1,코코,M,2025-03-04,10.3,3,2,1,,2025-07-13 10:37:36,2025-07-22 22:25:09
256,182,1,뽀삐,F,2018-02-14,4.7,3,4,1,,2026-04-14 20:43:45,2026-05-01 20:14:11
257,183,1,해피,M,2024-01-16,13.9,4,4,1,,2024-12-04 16:49:09,2025-03-12 07:29:26
258,184,2,마루,M,2020-01-16,4.0,2,3,1,,2025-07-02 11:54:12,2025-11-02 01:13:35
259,185,1,까미,M,2018-09-07,4.5,3,4,1,,2026-08-23 19:40:23,2026-08-25 01:20:50
260,186,2,라떼,F,2026-01-25,4.2,4,2,1,,2026-03-08 14:06:49,2026-04-11 08:39:25
261,187,2,순이,M,2025-12-22,4.7,2,4,1,,2026-03-09 13:08:13,2026-04-17 01:54:03
262,188,1,방울,F,2023-11-29,2.1,1,4,1,,2026-01-06 15:56:36,2026-08-21 15:17:48
263,189,1,마루,F,2017-02-14,11.2,3,5,1,,2024-09-16 11:04:31,2026-02-03 04:57:26
264,189,2,구름,F,2016-06-02,3.1,2,3,1,,2025-07-19 04:18:18,2025-07-23 07:57:04
265,190,1,별이,M,2018-01-31,15.8,3,4,1,,2025-06-08 18:33:05,2026-05-18 01:56:52
266,191,1,설이,F,2018-10-30,37.7,4,1,0,,2025-03-13 13:35:55,2026-02-16 15:27:10
267,192,1,해피,M,2020-10-20,10.2,3,3,0,,2025-08-09 01:43:17,2026-04-27 18:33:52
268,193,1,설이,F,2020-08-11,11.5,2,3,0,,2023-12-05 03:27:59,2024-06-13 18:05:13
269,194,1,삐삐,M,2024-12-30,8.8,4,1,0,,2026-07-27 22:52:51,2026-08-13 12:50:20
270,195,1,콩이,F,2025-06-19,6.8,3,3,0,,2026-08-25 21:47:49,2026-08-25 22:47:18
271,196,2,망고,M,2023-10-15,6.0,2,5,1,,2026-06-22 06:05:26,2026-07-05 07:53:26
272,197,1,감자,,2019-02-22,18.6,3,3,1,,2025-12-28 14:59:55,2026-02-24 02:43:12
273,198,1,해피,F,2014-01-02,4.9,2,3,1,,2026-08-03 03:15:21,2026-08-04 22:31:17
274,198,1,콩이,F,2015-07-09,4.9,2,2,0,,2026-07-09 13:16:26,2026-07-20 10:06:02
275,198,1,똘이,M,2015-03-27,3.9,1,4,1,,2026-08-23 19:14:31,2026-08-25 00:23:23
276,199,1,베리,F,2018-08-10,19.4,3,3,0,2026-04-20 10:56:52,2026-01-17 21:04:59,2026-04-26 04:15:08
277,200,1,뽀삐,M,2021-04-24,9.7,3,3,0,,2026-07-09 07:12:14,2026-08-07 18:44:41
278,201,1,라떼,M,2016-11-16,6.7,2,3,0,,2025-10-20 14:12:37,2026-07-02 13:32:35
279,202,1,루비,F,2026-08-11,2.8,2,3,1,,2026-08-15 10:55:51,2026-08-18 07:57:18
280,203,1,루비,F,2023-12-24,19.4,3,4,1,,2026-05-26 12:11:58,2026-06-18 16:31:10
281,203,2,먼지,F,2023-11-23,4.2,2,4,1,,2026-03-28 03:35:03,2026-06-26 12:31:27
282,204,1,해피,M,2020-10-04,27.5,4,3,1,,2026-06-13 13:12:30,2026-08-20 10:02:46
283,205,1,유리,F,2013-04-29,4.3,2,3,1,,2026-08-15 13:03:21,2026-08-15 22:17:08
284,206,1,몽이,M,2018-11-04,28.4,4,3,1,,2026-02-27 05:13:39,2026-06-09 15:32:17
285,207,1,보리,F,2016-09-16,12.6,3,3,0,,2025-06-23 07:22:36,2026-08-07 01:34:32
286,207,2,슈슈,F,2022-06-03,4.5,1,4,0,,2025-09-11 08:29:42,2026-04-21 10:41:42
287,208,1,치즈,F,2023-03-23,23.1,4,1,1,,2026-05-28 15:38:20,2026-07-13 17:58:28
288,208,1,떡볶이,M,2021-03-30,6.0,2,3,1,,2025-11-24 10:45:44,2026-05-15 14:36:00
289,209,1,초코,M,2011-07-14,23.8,3,3,0,,2025-07-11 16:20:24,2026-07-17 10:51:47
290,209,1,단추,M,2022-01-17,22.1,4,2,1,,2025-12-21 12:58:06,2026-02-28 04:01:57
291,210,1,달이,F,2020-01-10,29.0,4,3,0,,2025-03-23 07:50:47,2025-08-21 08:17:53
292,210,1,밤비,F,2025-10-13,15.6,3,3,0,,2026-05-16 10:14:15,2026-08-15 18:55:53
293,210,1,토리,F,2019-10-11,2.9,1,2,1,,2025-03-31 13:49:48,2025-09-12 04:16:04
294,211,1,방울,M,2019-05-25,2.6,2,3,0,,2026-08-05 02:26:47,2026-08-16 09:44:21
295,212,2,레오,M,2023-10-10,5.3,2,4,0,,2026-03-09 23:23:40,2026-07-19 20:17:24
296,212,1,감자,M,2022-11-12,11.2,4,3,0,,2025-12-20 07:37:53,2026-07-01 12:38:52
297,213,2,호두,F,2019-02-07,6.4,2,2,0,,2025-08-26 00:05:42,2026-05-13 03:04:09
298,213,2,마루,M,2019-10-08,3.9,2,4,1,,2026-01-09 11:54:04,2026-05-05 18:27:05
299,214,1,삐삐,F,2023-12-15,35.6,4,4,0,,2025-05-22 21:13:23,2026-02-13 08:14:23
300,215,1,치즈,M,2025-06-11,,1,4,1,,2026-04-04 05:20:49,2026-04-11 04:45:55
301,216,1,삐삐,F,2026-02-08,9.4,3,5,1,,2026-06-06 16:33:22,2026-08-14 03:14:12
302,217,2,똘이,F,2022-11-23,5.1,2,3,1,,2026-01-03 20:46:53,2026-01-30 19:39:00
303,217,1,밤비,F,2025-03-13,17.3,3,5,1,,2026-06-06 07:33:41,2026-06-12 15:23:44
304,218,1,치즈,F,2024-03-23,19.0,3,4,1,,2025-07-27 19:06:04,2026-05-24 05:20:29
305,219,1,해피,M,2024-03-22,21.2,3,4,1,,2025-03-09 13:03:12,2025-10-25 03:04:22
306,220,1,유리,M,2022-09-13,2.2,2,4,1,,2025-02-26 01:18:20,2026-03-18 11:12:10
307,221,1,콩이,F,2019-03-02,11.2,2,4,1,,2024-12-22 15:55:27,2026-07-22 20:25:34
308,222,2,망고,F,2021-11-16,5.0,1,4,0,,2026-05-22 16:22:30,2026-05-29 15:41:45
309,223,1,설이,M,2020-03-23,11.0,3,3,0,,2024-07-10 21:15:10,2024-10-05 11:17:18
310,224,1,모카,F,2024-11-24,2.2,2,4,1,,2025-11-17 14:23:37,2026-05-07 00:57:47
311,225,2,까미,M,2019-03-03,3.5,2,3,1,,2025-03-07 20:42:06,2026-05-21 00:41:52
312,226,1,밤비,F,2026-07-30,3.4,3,4,1,,2026-08-07 19:32:31,2026-08-09 10:56:38
313,227,2,탄이,F,2022-07-07,3.1,2,2,1,,2026-08-19 03:49:08,2026-08-22 23:18:01
314,227,1,토리,M,2022-11-14,11.0,3,4,0,,2026-07-24 17:32:16,2026-08-17 17:06:16
315,228,1,레오,M,2017-05-04,26.7,4,3,0,,2026-07-28 13:56:42,2026-08-22 08:39:41
316,229,1,라떼,F,2023-05-09,6.2,3,3,0,,2024-07-10 17:56:34,2024-08-25 08:58:35
317,230,1,감자,F,2020-09-30,19.6,4,3,1,,2026-07-05 19:04:19,2026-07-10 08:13:49
318,231,1,가을,F,2013-12-28,21.7,4,3,0,,2026-08-19 15:55:30,2026-08-20 09:43:40
319,232,2,두부,M,2025-07-26,3.3,1,5,1,,2026-04-08 18:13:13,2026-08-08 04:21:24
320,233,1,달이,F,2019-06-18,11.9,3,3,1,,2025-08-11 11:05:30,2026-06-03 21:18:09
321,233,1,달이,F,2023-08-15,30.7,4,3,1,,2026-03-02 12:07:08,2026-04-26 05:42:28
322,234,1,호두,F,2016-06-09,25.8,3,3,1,,2023-03-11 15:20:49,2026-02-13 01:16:13
323,235,1,달이,F,2012-08-29,21.4,4,3,1,,2023-06-19 18:24:02,2023-12-02 01:36:43
324,236,1,아톰,F,2023-03-17,18.4,5,3,1,,2026-02-25 11:56:39,2026-03-10 06:56:38
325,237,1,베리,F,2023-06-28,5.1,1,3,1,,2023-12-07 14:04:40,2024-01-08 05:20:52
326,238,1,구름,F,2025-12-12,13.4,4,3,0,,2026-07-22 01:39:09,2026-08-20 19:18:59
327,239,1,별이,F,2020-09-16,4.5,2,3,1,2026-07-02 05:55:52,2026-05-30 19:21:22,2026-07-29 12:29:23
328,240,1,보리,M,2024-07-15,,4,3,1,,2025-09-05 22:25:09,2025-12-30 01:09:37
329,241,1,달이,M,2021-04-29,30.4,4,3,1,,2025-10-21 15:25:11,2026-06-12 23:19:27
330,242,2,설이,F,2021-01-10,5.6,3,5,0,,2024-07-17 20:49:36,2024-10-02 07:29:42
331,243,1,봄이,F,2023-05-07,17.3,2,3,0,,2025-12-15 11:03:22,2026-03-15 03:17:27
332,244,2,망고,F,2019-02-04,4.7,2,3,1,,2026-02-07 17:12:54,2026-05-31 09:24:52
333,244,1,나비,F,2012-12-26,9.6,3,5,0,,2025-09-16 13:50:56,2025-10-02 03:11:46
334,245,1,나비,F,2022-11-12,12.7,3,3,1,,2024-06-26 17:11:11,2025-12-09 14:59:51
335,246,1,감자,F,2025-08-11,8.4,2,5,1,,2026-02-19 19:38:01,2026-02-23 10:27:31
336,247,1,두부,F,2017-01-25,17.7,3,3,0,,2025-07-08 09:29:22,2025-08-18 20:07:11
337,248,1,먼지,M,2023-08-28,18.9,3,2,0,,2025-09-13 05:44:31,2026-02-22 04:14:12
338,249,2,망고,M,2017-11-22,3.7,1,5,0,,2026-06-08 15:33:32,2026-07-09 15:36:59
339,250,1,봄이,F,2024-02-18,10.2,3,3,0,,2024-05-21 00:42:38,2024-06-14 06:44:20
340,250,2,밤비,M,2024-05-28,,2,3,1,,2025-02-20 04:44:18,2025-06-21 17:56:36
341,251,1,구름,F,2011-06-05,2.7,1,4,1,,2024-06-01 11:58:54,2024-08-25 02:07:43
342,251,2,방울,,2021-03-07,4.4,2,3,1,,2025-01-23 16:39:16,2026-02-02 06:40:23
343,252,1,구름,,2016-07-02,12.0,3,3,1,,2026-03-03 13:39:55,2026-06-26 15:38:27
344,253,2,먼지,M,2024-05-05,7.0,2,3,0,,2026-04-05 09:43:25,2026-08-04 16:05:42
345,254,2,콩이,F,2020-01-29,6.5,2,3,1,,2025-10-23 05:06:04,2026-04-12 05:56:10
346,255,1,망고,M,2026-08-02,1.0,1,5,1,,2026-08-21 23:12:40,2026-08-25 01:59:53
347,256,1,구름,M,2020-04-13,17.6,3,3,1,,2025-02-05 19:47:21,2025-11-15 08:22:25
348,257,1,방울,M,2019-10-31,33.4,4,5,0,,2024-07-31 13:07:35,2026-03-08 15:02:57
349,258,1,가을,M,2025-02-16,6.2,1,3,0,,2025-09-11 04:31:29,2026-03-27 09:31:45
350,259,1,치즈,F,2025-08-10,12.6,3,5,1,,2026-03-25 06:31:12,2026-04-02 19:56:25
351,260,1,까미,F,2021-09-06,11.6,3,2,0,,2026-03-26 00:23:16,2026-03-28 15:53:36
352,260,1,방울,M,2016-12-03,14.5,3,4,1,,2025-10-24 06:45:49,2026-02-28 00:16:05
353,261,1,유리,F,2022-12-07,40.0,4,3,1,,2025-05-26 14:16:00,2026-06-29 21:15:00
354,261,2,설이,F,2025-02-16,3.5,3,1,1,,2026-03-31 02:38:51,2026-08-14 00:03:49
355,262,1,호두,M,2023-06-01,3.9,2,3,1,,2025-05-20 10:18:43,2025-11-29 21:57:51
356,263,1,뽀삐,F,2016-03-08,9.4,3,4,1,,2026-05-29 08:09:12,2026-07-05 15:17:07
357,263,2,똘이,F,2025-07-02,5.5,2,4,1,,2025-11-09 01:34:15,2026-08-01 05:38:50
358,264,1,밤비,F,2022-01-29,26.8,4,3,0,,2025-02-27 15:36:33,2025-04-15 14:48:34
359,265,1,밤비,F,2020-07-09,6.6,2,4,1,,2026-08-15 18:36:02,2026-08-16 06:35:20
360,266,1,구름,F,2022-08-21,12.2,2,3,1,,2026-07-25 08:16:58,2026-08-16 23:08:06
361,267,1,가을,M,2022-06-22,7.3,2,3,0,,2026-03-14 04:46:38,2026-07-26 02:01:59
362,268,2,구름,F,2013-05-30,4.6,1,2,1,,2025-04-19 01:04:31,2025-07-15 19:47:00
363,269,1,가을,M,2021-06-25,13.9,3,4,1,,2026-08-12 20:25:47,2026-08-24 19:25:01
364,270,1,몽이,F,2022-06-27,6.5,1,3,0,,2024-08-11 04:50:58,2024-10-31 15:21:37
365,271,1,순이,F,2014-10-22,18.6,4,3,0,,2026-05-21 20:43:29,2026-07-30 02:02:37
366,272,1,루비,M,2023-03-10,4.3,2,4,1,,2026-01-09 13:08:13,2026-08-14 21:01:58
367,273,1,루비,F,2025-03-08,12.1,3,3,1,,2025-08-24 17:13:50,2026-02-15 23:18:32
368,274,1,구름,F,2015-12-20,5.4,2,3,1,,2026-08-02 16:26:42,2026-08-13 11:15:15
369,274,1,보리,M,2015-12-08,6.8,2,3,1,,2026-04-17 18:25:33,2026-05-16 07:22:39
370,275,2,레오,F,2023-05-19,5.2,3,4,1,,2026-04-05 11:37:59,2026-04-29 04:36:15
371,276,1,똘이,M,2024-01-09,18.6,4,4,1,,2026-01-02 21:57:36,2026-07-03 15:19:51
372,277,1,떡볶이,F,2025-03-30,19.5,3,3,1,,2025-09-26 03:35:05,2026-04-20 16:36:55
373,278,1,감자,F,2015-10-16,5.7,2,4,1,,2026-05-04 04:28:18,2026-08-21 15:56:02
374,278,1,토리,M,2021-08-09,8.4,3,4,1,,2026-07-07 16:30:44,2026-08-13 21:38:54
375,279,1,삐삐,F,2020-06-26,22.0,3,2,1,,2026-03-15 03:49:06,2026-07-03 10:03:34
376,280,2,마루,M,2015-01-19,4.3,2,3,1,,2025-11-07 19:45:02,2026-01-20 08:12:29
377,281,2,먼지,M,2017-08-30,5.2,2,4,0,,2026-05-01 04:07:23,2026-05-24 02:41:43
378,282,1,토리,M,2020-02-04,12.9,3,2,1,,2026-05-02 22:52:30,2026-05-12 18:56:57
379,283,1,라떼,M,2022-11-23,2.7,1,3,1,,2025-12-13 16:30:44,2026-03-18 00:04:13
380,284,2,레오,M,2018-12-12,3.0,2,3,0,2025-07-07 08:21:39,2023-12-28 04:53:18,2026-06-14 14:45:33
381,284,2,토리,F,2024-03-15,4.2,2,2,0,,2025-07-17 16:32:39,2025-07-24 12:35:44
382,285,1,토리,F,2015-10-29,,3,3,0,,2026-07-31 04:57:47,2026-08-11 09:54:21
383,285,1,치즈,F,2022-03-07,17.2,3,4,1,,2026-05-01 05:19:13,2026-06-02 02:30:43
384,285,1,나비,F,2016-04-01,2.1,1,1,1,,2026-08-13 12:11:23,2026-08-22 08:30:04
385,286,2,밤비,F,2023-10-26,7.7,3,4,1,,2025-12-19 05:36:59,2026-03-21 16:51:17
386,287,1,루비,M,2013-12-27,2.7,2,3,1,,2025-08-10 18:03:08,2025-11-03 06:05:38
387,288,1,삐삐,F,2024-02-27,8.8,3,2,1,,2026-08-08 23:52:51,2026-08-20 04:30:46
388,289,1,삐삐,M,2012-02-10,32.0,4,5,1,,2026-07-19 18:36:10,2026-08-11 09:05:43
389,289,1,유리,F,2024-01-26,9.8,3,3,1,,2026-08-20 03:38:05,2026-08-25 07:03:57
390,290,1,망고,M,2023-03-16,10.1,3,2,1,,2026-08-02 19:27:36,2026-08-23 01:24:20
391,290,1,해피,F,2025-12-30,5.3,2,5,1,,2026-07-28 09:06:42,2026-08-25 21:22:04
392,291,1,순이,M,2018-11-21,1.6,1,2,1,,2026-08-12 13:01:03,2026-08-24 07:58:12
393,291,1,모카,M,2024-08-27,4.3,2,5,1,,2026-04-19 06:00:24,2026-05-14 21:04:19
394,292,1,구름,M,2023-04-17,2.7,1,4,1,,2025-09-21 03:47:20,2026-06-03 14:07:18
395,293,1,똘이,F,2022-08-21,6.2,2,3,1,,2025-04-29 21:59:47,2025-09-08 08:16:25
396,294,1,방울,F,2022-07-16,14.6,3,1,1,,2026-07-30 15:29:09,2026-08-16 04:31:07
397,294,1,베리,F,2026-01-16,2.7,1,5,1,2026-07-09 12:14:44,2026-06-03 09:46:18,2026-07-11 08:07:36
398,295,2,뽀삐,F,2021-10-15,6.1,3,4,1,,2024-06-23 02:22:11,2024-08-09 04:16:46
399,296,1,쿠키,M,2012-12-28,2.9,1,5,1,,2026-04-29 03:40:23,2026-06-20 18:25:18
400,296,1,콩이,F,2019-12-18,7.7,3,4,0,,2025-10-13 21:40:02,2026-07-18 13:13:23
401,296,2,방울,M,2024-08-12,3.1,2,3,0,,2026-04-26 23:20:12,2026-07-19 08:23:37
402,297,1,라떼,M,2020-10-12,31.5,4,4,1,,2026-05-28 00:30:18,2026-08-24 00:02:33
403,298,1,삐삐,F,2024-04-21,10.8,3,4,1,,2024-09-05 06:26:49,2026-01-31 00:46:26
404,298,1,망고,F,2023-11-26,13.0,3,4,1,,2025-05-07 10:18:51,2025-08-28 21:39:10
405,298,1,나비,F,2026-06-08,11.0,4,1,1,,2026-07-02 06:16:45,2026-08-22 03:19:51
406,299,1,치즈,F,2025-06-16,25.9,4,3,1,,2026-06-27 22:07:26,2026-07-23 15:00:01
407,299,1,호두,F,2020-06-14,,1,3,1,,2024-11-06 08:33:25,2026-04-08 23:12:14
408,299,1,설이,F,2019-01-04,2.0,1,5,1,,2025-10-28 23:25:36,2025-12-25 17:24:20
409,300,1,두부,F,2023-10-19,4.2,2,3,1,,2025-07-11 11:31:42,2025-11-14 15:50:51
410,300,1,몽이,M,2022-02-17,7.2,2,4,1,,2026-06-21 15:32:01,2026-08-06 13:09:40
