purchase_id,pet_id,product_id,quantity,unit_price_krw,age_month_at_purchase,size_at_purchase,purchased_at
1,1,182,1,4900,20,2,2026-05-29 11:25:43
2,2,87,1,27000,7,3,2026-02-07 02:09:11
3,2,92,2,13000,11,3,2026-05-31 14:40:10
4,3,80,1,46600,20,1,2025-07-16 21:58:05
5,3,143,3,2700,32,1,2026-07-19 20:09:27
6,3,175,1,13300,24,1,2025-11-17 09:35:05
7,4,43,3,17200,69,4,2026-08-03 10:49:03
8,4,182,1,4900,66,4,2026-05-16 11:51:20
9,4,35,1,5000,68,4,2026-07-06 18:11:47
10,4,95,1,10100,60,4,2025-11-19 01:38:25
11,4,124,1,20900,61,4,2025-12-06 02:44:27
12,4,122,1,70500,63,4,2026-02-24 10:05:06
13,5,194,1,111100,75,3,2026-05-10 06:22:09
14,5,189,1,113400,74,3,2026-04-14 12:30:14
15,6,116,3,7000,93,2,2026-07-30 16:06:59
16,7,59,1,66100,42,3,2026-02-01 01:33:50
17,8,148,2,6200,95,3,2026-08-24 19:06:30
18,8,10,5,24900,92,3,2026-05-26 12:12:31
19,9,20,1,10000,34,2,2025-11-29 17:12:45
20,9,167,2,13900,38,2,2026-03-25 12:02:37
21,9,14,1,90800,40,2,2026-05-24 18:07:38
22,9,9,2,7100,42,2,2026-07-28 05:32:46
23,10,164,1,5800,13,2,2025-12-12 22:17:18
24,10,177,1,3900,16,2,2026-03-31 05:16:09
25,10,105,1,6000,19,2,2026-06-29 21:45:20
26,10,83,1,16900,13,2,2025-12-14 17:01:36
27,11,188,2,43300,49,3,2026-07-12 20:27:20
28,11,133,1,55200,49,3,2026-07-12 01:06:50
29,11,196,1,24800,49,3,2026-07-13 16:56:55
30,11,101,1,5900,49,3,2026-07-14 09:20:53
31,11,82,1,22700,50,3,2026-07-28 13:16:52
32,11,66,1,5800,50,3,2026-07-30 10:53:47
33,12,142,1,39400,95,1,2026-07-12 23:54:14
34,12,106,1,5100,95,1,2026-08-03 11:12:38
35,12,20,1,10000,96,1,2026-08-10 09:39:56
36,13,109,1,9600,19,2,2026-07-11 03:18:30
37,13,79,1,13300,20,2,2026-07-15 08:10:09
38,13,69,1,9900,20,2,2026-07-17 18:26:28
39,13,63,1,9200,20,2,2026-07-19 18:56:17
40,13,121,5,24000,20,2,2026-07-20 20:10:51
41,13,11,1,40800,20,2,2026-07-29 19:28:22
42,13,59,1,66100,20,2,2026-08-01 19:22:56
43,13,68,1,39700,20,2,2026-08-04 23:43:19
44,14,158,3,24300,32,2,2026-08-09 13:49:38
45,14,36,1,13100,33,2,2026-08-23 13:50:20
46,15,131,2,27700,140,2,2026-07-02 17:11:34
47,16,156,1,19100,73,3,2026-04-27 07:20:16
48,16,157,1,3700,74,3,2026-05-23 14:05:53
49,16,96,1,14500,75,3,2026-06-25 06:26:07
50,17,109,1,9600,159,2,2026-07-22 17:31:07
51,17,160,1,9700,154,2,2026-02-03 02:52:43
52,17,28,1,3700,152,2,2025-12-02 22:07:53
53,17,179,1,1200,152,2,2025-12-06 14:08:04
54,17,89,1,15000,154,2,2026-01-31 15:26:30
55,17,119,1,96900,161,2,2026-08-24 08:49:53
56,17,114,1,11900,160,2,2026-08-22 12:44:06
57,17,148,1,6200,159,2,2026-07-04 20:20:03
58,18,197,2,13600,72,3,2025-12-09 17:29:36
59,18,118,1,26200,74,3,2026-01-19 08:24:01
60,18,69,1,9900,74,3,2026-02-10 01:29:23
61,18,111,5,12800,75,3,2026-02-20 05:08:25
62,19,103,1,36900,106,4,2026-04-29 08:17:25
63,19,186,1,27900,107,4,2026-05-16 03:22:31
64,19,179,1,1200,107,4,2026-05-24 07:55:01
65,19,146,1,7100,107,4,2026-05-25 10:25:20
66,19,4,1,25200,108,4,2026-06-03 18:26:30
67,19,112,1,21400,109,4,2026-08-01 00:38:58
68,20,148,1,6200,10,4,2026-06-21 17:11:57
69,20,139,1,40000,12,4,2026-07-29 12:36:10
70,20,79,3,13300,11,4,2026-07-01 21:17:43
71,20,9,2,7100,10,4,2026-06-08 03:39:21
72,20,155,1,13300,11,4,2026-07-08 03:52:23
73,20,183,1,32100,12,4,2026-08-06 04:48:16
74,21,21,2,66900,61,3,2026-08-04 18:43:46
75,21,96,1,14500,61,3,2026-08-12 12:00:17
76,21,36,1,13100,61,3,2026-08-04 08:57:25
77,21,76,1,15100,60,3,2026-07-23 18:58:25
78,21,80,2,46600,61,3,2026-08-07 03:36:07
79,21,20,1,10000,61,3,2026-08-23 12:18:58
80,22,84,2,29100,25,2,2025-09-23 00:56:45
81,22,53,1,22600,34,2,2026-06-21 02:35:46
82,22,92,1,13000,36,2,2026-08-03 21:37:14
83,23,85,1,9000,50,2,2026-06-23 01:54:03
84,23,39,2,14200,52,2,2026-08-25 13:38:35
85,23,167,1,13900,47,2,2026-03-30 20:05:20
86,23,199,1,14300,51,2,2026-08-08 14:26:24
87,23,131,2,27700,46,2,2026-02-24 22:38:07
88,23,29,1,23300,49,2,2026-05-27 00:35:47
89,24,125,1,25800,105,4,2026-04-23 03:31:03
90,24,50,3,34900,83,4,2024-06-19 15:28:17
91,24,64,2,18000,98,4,2025-09-29 06:41:51
92,24,118,1,26200,101,4,2025-12-13 16:06:00
93,25,45,1,73800,12,2,2026-04-12 12:07:38
94,25,29,1,23300,11,2,2026-03-15 02:55:36
95,26,63,1,9200,42,3,2026-05-10 12:46:53
96,26,192,1,4500,44,3,2026-07-15 07:04:40
97,27,122,1,70500,30,2,2026-08-19 18:45:48
98,27,116,1,7000,27,2,2026-05-08 23:02:01
99,27,23,5,20400,28,2,2026-06-19 08:28:17
100,27,197,1,13600,26,2,2026-04-09 11:28:38
101,27,186,2,27900,26,2,2026-04-12 00:05:59
102,27,71,2,10100,28,2,2026-05-28 14:50:44
103,27,164,1,5800,28,2,2026-06-17 09:31:49
104,27,11,1,40800,28,2,2026-06-18 10:32:59
105,28,165,3,15600,80,3,2026-04-13 05:44:47
106,28,64,1,18000,81,3,2026-05-03 03:43:38
107,28,48,1,17200,82,3,2026-05-30 14:38:10
108,29,12,1,11000,71,4,2026-07-31 19:36:00
109,29,97,1,8000,71,4,2026-08-07 05:54:03
110,29,70,1,22800,71,4,2026-08-10 07:54:49
111,30,174,1,20400,45,2,2026-05-16 13:56:28
112,30,158,2,24300,45,2,2026-05-05 23:52:32
113,30,92,2,13000,46,2,2026-06-10 20:58:00
114,30,167,3,13900,38,2,2025-10-26 17:20:24
115,31,45,1,73800,113,2,2025-03-04 01:01:53
116,31,44,1,7300,128,2,2026-06-10 23:48:17
117,32,90,1,9900,9,1,2026-07-13 11:10:08
118,32,33,1,16300,10,1,2026-07-16 10:32:00
119,32,167,1,13900,10,1,2026-07-20 23:29:05
120,32,89,3,15000,10,1,2026-08-11 14:41:05
121,33,91,1,78900,74,3,2025-12-30 19:00:10
122,33,40,1,49000,81,3,2026-07-30 09:03:16
123,34,168,1,23300,50,2,2026-07-28 13:49:31
124,35,16,2,40400,14,3,2026-07-03 13:45:43
125,35,49,1,27000,14,3,2026-08-01 20:59:50
126,35,19,5,26900,14,3,2026-07-18 02:05:41
127,35,69,1,9900,15,3,2026-08-03 12:08:43
128,36,117,1,22000,65,3,2026-08-25 16:26:29
129,36,21,1,66900,65,3,2026-08-08 07:48:44
130,36,70,1,22800,65,3,2026-08-15 09:43:59
131,36,9,1,7100,65,3,2026-08-04 20:47:16
132,37,171,1,46800,63,2,2025-03-10 19:22:34
133,37,11,1,40800,75,2,2026-04-02 04:55:43
134,38,83,1,16900,4,1,2026-07-09 09:13:04
135,38,153,1,23900,5,1,2026-08-02 22:57:39
136,39,177,2,3900,62,2,2025-09-16 03:15:00
137,39,172,1,33100,65,2,2025-12-09 11:52:30
138,39,51,2,42400,73,2,2026-08-20 08:17:27
139,39,54,1,5900,67,2,2026-02-23 09:24:14
140,39,119,3,96900,72,2,2026-07-30 20:48:34
141,39,136,2,6600,70,2,2026-06-03 16:29:13
142,39,30,1,3500,73,2,2026-08-16 18:28:47
143,39,83,1,16900,71,2,2026-06-19 16:19:22
144,40,70,1,22800,32,1,2026-03-02 02:21:23
145,40,61,1,27500,33,1,2026-04-06 05:57:02
146,40,72,2,10000,36,1,2026-06-14 03:27:56
147,40,151,1,9700,37,1,2026-07-14 20:49:03
148,40,127,1,56600,37,1,2026-08-10 06:58:31
149,40,23,3,20400,37,1,2026-08-11 08:58:56
150,41,18,2,17800,101,2,2025-07-22 12:24:19
151,41,11,2,40800,113,2,2026-07-05 04:03:06
152,41,163,1,9900,103,2,2025-09-12 08:58:34
153,41,41,1,2900,104,2,2025-10-18 18:20:50
154,41,139,3,40000,114,2,2026-08-22 04:18:20
155,41,158,2,24300,113,2,2026-07-01 16:51:11
156,42,176,1,5200,87,2,2026-08-25 10:29:49
157,42,92,1,13000,80,2,2026-02-19 23:10:42
158,42,45,2,73800,81,2,2026-02-28 05:46:55
159,42,60,2,4900,83,2,2026-05-12 23:05:01
160,42,74,1,13000,84,2,2026-06-08 07:45:12
161,42,18,1,17800,85,2,2026-07-15 01:21:23
162,43,32,1,4200,71,3,2026-06-29 23:33:16
163,43,125,2,25800,71,3,2026-07-02 12:42:48
164,43,106,1,5100,72,3,2026-07-22 20:37:37
165,43,7,1,9200,72,3,2026-07-25 06:47:59
166,43,21,1,66900,72,3,2026-08-06 04:41:14
167,43,110,1,28600,73,3,2026-08-10 21:38:32
168,44,139,1,40000,20,2,2026-08-06 11:21:37
169,44,62,1,26400,19,2,2026-07-14 09:31:11
170,44,135,2,5900,20,2,2026-08-01 07:51:31
171,45,72,1,10000,12,4,2026-07-21 20:28:02
172,45,20,1,10000,13,4,2026-07-24 11:31:07
173,45,200,1,3900,12,4,2026-07-23 12:11:03
174,45,66,5,5800,11,4,2026-06-16 03:49:06
175,45,162,2,11200,11,4,2026-06-18 16:29:23
176,45,143,2,2700,12,4,2026-07-20 22:37:25
177,46,107,1,1700,59,4,2026-04-21 12:48:03
178,46,145,2,20500,59,4,2026-04-09 13:32:04
179,46,43,1,17200,63,4,2026-08-04 05:12:25
180,46,118,1,26200,60,4,2026-05-20 11:41:00
181,46,125,1,25800,61,4,2026-06-09 13:59:14
182,46,180,2,63700,62,4,2026-07-04 08:05:35
183,47,106,1,5100,143,4,2026-06-27 13:34:32
184,47,8,1,29500,136,4,2025-11-29 15:26:25
185,47,48,1,17200,136,4,2025-11-12 20:42:57
186,47,127,1,56600,142,4,2026-05-14 22:40:01
187,48,140,2,14100,70,2,2026-03-23 07:56:44
188,49,191,1,81700,48,3,2025-01-11 01:24:35
189,49,24,1,14400,49,3,2025-02-07 23:17:03
190,49,68,2,39700,64,3,2026-04-19 15:48:58
191,50,51,1,42400,47,1,2026-07-29 10:37:52
192,50,187,1,32400,46,1,2026-07-03 17:31:23
193,50,8,1,29500,47,1,2026-08-06 03:31:47
194,50,200,3,3900,47,1,2026-07-29 18:28:49
195,51,105,1,6000,174,3,2026-07-24 01:11:10
196,51,139,1,40000,175,3,2026-08-23 15:24:30
197,51,199,1,14300,174,3,2026-07-06 11:04:43
198,51,45,1,73800,174,3,2026-07-30 21:52:52
199,52,4,2,25200,6,3,2026-02-22 15:45:03
200,52,149,1,3800,7,3,2026-03-17 03:08:09
201,52,39,1,14200,2,3,2025-10-22 11:18:43
202,52,161,2,12500,11,3,2026-07-18 17:38:16
203,53,155,2,13300,11,4,2026-07-01 14:03:42
204,53,196,1,24800,11,4,2026-07-23 18:11:30
205,53,165,1,15600,11,4,2026-07-24 13:39:32
206,53,90,1,9900,10,4,2026-06-22 13:29:55
207,54,149,1,3800,125,4,2026-08-02 08:19:52
208,54,43,1,17200,126,4,2026-08-16 21:54:11
209,55,68,1,39700,5,3,2026-07-21 07:23:43
210,55,183,1,32100,6,3,2026-08-14 05:46:28
211,55,173,1,71700,6,3,2026-08-07 08:33:16
212,55,80,1,46600,6,3,2026-08-20 12:59:39
213,55,43,1,17200,6,3,2026-08-25 01:22:58
214,55,159,1,12200,5,3,2026-07-14 08:32:33
215,56,188,1,43300,75,2,2026-02-25 17:07:56
216,56,83,2,16900,76,2,2026-03-12 03:18:44
217,56,193,1,18700,76,2,2026-03-20 15:35:59
218,56,54,1,5900,77,2,2026-04-03 20:52:55
219,56,11,1,40800,78,2,2026-05-11 23:31:50
220,56,45,1,73800,78,2,2026-05-20 17:15:22
221,57,34,1,6300,86,3,2026-08-21 03:08:40
222,57,107,1,1700,82,3,2026-04-13 13:00:46
223,58,23,1,20400,11,4,2026-04-11 07:20:43
224,58,151,2,9700,13,4,2026-06-26 11:40:57
225,59,78,2,25500,19,1,2026-02-16 06:48:18
226,59,179,1,1200,20,1,2026-03-03 08:38:49
227,59,106,2,5100,20,1,2026-03-15 19:04:15
228,59,165,1,15600,25,1,2026-08-11 10:43:31
229,60,81,1,47300,50,3,2026-03-13 10:29:13
230,60,189,2,113400,35,3,2024-12-15 00:00:42
231,60,116,1,7000,46,3,2025-11-15 21:41:40
232,60,19,1,26900,49,3,2026-02-19 05:48:15
233,61,7,1,9200,56,1,2026-07-04 23:37:44
234,62,17,1,48200,44,2,2026-07-18 00:10:54
235,62,11,2,40800,41,2,2026-03-29 21:25:11
236,62,122,1,70500,41,2,2026-04-15 09:25:58
237,62,11,1,40800,42,2,2026-05-15 00:17:24
238,62,143,2,2700,45,2,2026-08-17 01:21:06
239,62,13,2,107000,44,2,2026-07-08 08:47:35
240,63,149,5,3800,16,3,2026-07-21 23:30:11
241,63,40,1,49000,17,3,2026-08-12 09:35:07
242,63,186,1,27900,16,3,2026-07-15 09:23:20
243,64,174,1,20400,6,4,2026-08-06 00:04:33
244,64,131,1,27700,6,4,2026-08-09 19:06:42
245,64,136,1,6600,6,4,2026-08-09 17:06:13
246,65,22,1,18300,100,1,2026-08-06 19:44:04
247,65,32,1,4200,100,1,2026-08-07 08:38:50
248,65,157,1,3700,100,1,2026-08-09 20:37:43
249,65,189,1,113400,100,1,2026-08-09 15:23:26
250,65,14,2,90800,100,1,2026-08-11 05:13:46
251,65,65,1,43200,100,1,2026-08-11 12:04:35
252,66,166,1,58200,162,2,2026-05-06 09:09:43
253,66,55,1,17900,162,2,2026-05-10 12:33:03
254,66,99,1,24000,162,2,2026-04-20 21:39:43
255,67,152,2,21200,2,1,2026-07-05 13:03:32
256,67,152,2,21200,1,1,2026-05-28 11:28:06
257,67,62,1,26400,1,1,2026-05-24 05:45:27
258,68,36,1,13100,50,1,2026-02-09 23:05:08
259,68,51,1,42400,56,1,2026-07-29 21:05:14
260,69,189,1,113400,9,2,2026-08-16 15:31:59
261,70,200,1,3900,35,2,2026-03-10 07:38:43
262,70,175,2,13300,30,2,2025-10-01 19:50:17
263,70,165,3,15600,36,2,2026-04-14 16:40:35
264,71,151,1,9700,56,3,2025-08-18 16:33:38
265,71,46,1,5600,66,3,2026-07-03 06:47:49
266,71,71,2,10100,66,3,2026-07-06 02:40:22
267,72,126,2,7800,166,2,2026-07-23 20:08:26
268,72,55,1,17900,167,2,2026-07-31 05:49:20
269,72,25,1,13900,166,2,2026-07-19 11:22:58
270,72,148,1,6200,167,2,2026-07-28 21:27:20
271,72,24,1,14400,167,2,2026-08-10 14:41:31
272,72,24,1,14400,167,2,2026-08-07 15:16:51
273,73,172,1,33100,40,2,2025-08-28 05:30:55
274,73,57,1,48700,51,2,2026-07-10 12:32:56
275,74,135,1,5900,67,2,2026-07-26 06:07:33
276,74,51,1,42400,67,2,2026-08-18 02:47:40
277,74,138,1,11500,66,2,2026-07-21 15:54:27
278,74,199,2,14300,67,2,2026-08-17 10:10:58
279,75,171,1,46800,32,4,2025-02-09 04:53:03
280,75,50,1,34900,38,4,2025-08-10 20:56:02
281,75,126,1,7800,42,4,2025-12-09 00:22:09
282,76,147,2,12600,148,2,2026-06-24 07:24:14
283,76,139,2,40000,149,2,2026-07-31 04:03:12
284,76,84,1,29100,149,2,2026-08-11 02:47:38
285,77,87,3,27000,141,2,2026-07-04 09:10:09
286,77,136,1,6600,141,2,2026-07-20 06:03:50
287,77,45,1,73800,141,2,2026-07-21 08:06:02
288,77,11,1,40800,142,2,2026-07-28 21:50:48
289,78,45,1,73800,47,1,2026-07-13 08:37:15
290,78,139,2,40000,47,1,2026-07-24 17:00:25
291,79,40,1,49000,130,2,2026-07-31 13:32:01
292,79,99,1,24000,129,2,2026-07-12 20:59:18
293,80,11,1,40800,70,2,2025-12-14 17:08:49
294,80,41,3,2900,65,2,2025-07-03 23:05:05
295,80,199,3,14300,76,2,2026-06-25 13:01:22
296,80,7,5,9200,77,2,2026-07-12 23:34:04
297,81,126,1,7800,3,2,2025-09-16 20:55:28
298,81,135,2,5900,4,2,2025-11-02 04:35:54
299,81,54,1,5900,11,2,2026-05-19 08:54:38
300,82,145,1,20500,35,3,2026-05-24 12:54:53
301,82,134,1,11200,35,3,2026-05-24 11:30:51
302,82,188,1,43300,37,3,2026-07-07 12:52:22
303,82,27,1,81900,38,3,2026-08-20 20:15:07
304,83,169,3,51900,15,3,2025-07-07 13:02:41
305,83,81,1,47300,26,3,2026-07-01 19:24:28
306,83,56,2,34500,16,3,2025-09-02 12:43:59
307,83,94,1,54000,16,3,2025-09-04 03:39:40
308,83,81,2,47300,21,3,2026-01-18 11:39:53
309,83,15,1,3700,26,3,2026-06-21 10:37:38
310,83,90,1,9900,26,3,2026-06-29 23:27:55
311,83,78,1,25500,27,3,2026-07-16 05:48:42
312,84,9,1,7100,98,4,2025-10-19 04:57:59
313,84,192,1,4500,104,4,2026-04-20 13:44:58
314,84,173,1,71700,107,4,2026-07-15 02:18:00
315,85,67,1,117900,115,4,2026-05-11 19:06:40
316,85,48,1,17200,117,4,2026-07-09 13:40:46
317,85,194,1,111100,117,4,2026-07-26 06:25:53
318,86,187,2,32400,10,3,2026-06-30 15:35:15
319,86,28,1,3700,11,3,2026-07-12 19:20:41
320,86,194,1,111100,11,3,2026-07-22 15:05:31
321,87,19,1,26900,17,3,2026-07-04 22:43:09
322,87,47,1,133600,18,3,2026-07-23 17:32:48
323,88,188,1,43300,66,3,2026-03-28 06:13:46
324,88,61,1,27500,67,3,2026-04-22 06:37:43
325,88,178,1,34800,69,3,2026-06-12 15:19:15
326,88,9,1,7100,71,3,2026-08-05 01:21:16
327,89,42,1,3400,45,3,2026-08-21 13:32:42
328,89,126,1,7800,44,3,2026-07-14 10:04:12
329,89,50,2,34900,44,3,2026-07-01 16:25:26
330,89,165,1,15600,43,3,2026-06-02 10:23:57
331,89,40,1,49000,45,3,2026-08-24 07:11:47
332,89,12,2,11000,45,3,2026-08-07 07:04:20
333,89,125,1,25800,44,3,2026-07-30 00:45:31
334,89,51,1,42400,44,3,2026-07-26 19:58:53
335,90,34,1,6300,23,1,2026-05-21 19:06:16
336,90,63,3,9200,22,1,2026-04-14 08:53:59
337,90,42,1,3400,19,1,2026-01-25 16:44:17
338,90,166,1,58200,26,1,2026-08-11 06:24:40
339,91,158,1,24300,17,1,2026-05-13 22:49:13
340,91,105,1,6000,18,1,2026-05-27 13:38:08
341,92,62,3,26400,42,2,2026-06-02 07:02:39
342,92,105,2,6000,42,2,2026-06-14 02:25:40
343,92,29,2,23300,43,2,2026-07-21 20:02:27
344,92,54,1,5900,43,2,2026-07-19 08:02:37
345,93,145,1,20500,22,2,2026-04-28 05:02:26
346,93,192,2,4500,25,2,2026-07-29 22:50:20
347,93,111,1,12800,20,2,2026-02-26 12:46:53
348,93,65,2,43200,20,2,2026-02-09 07:37:01
349,94,139,1,40000,69,3,2026-08-25 21:52:22
350,94,57,1,48700,68,3,2026-08-17 19:41:48
351,95,130,1,62100,14,4,2025-06-25 05:24:31
352,95,165,1,15600,27,4,2026-07-25 20:02:02
353,95,122,2,70500,16,4,2025-08-16 19:24:13
354,96,31,2,25400,137,3,2026-07-26 23:25:49
355,96,181,1,6900,135,3,2026-05-31 19:50:20
356,96,5,1,29100,129,3,2025-12-09 21:14:13
357,96,13,1,107000,135,3,2026-06-19 14:28:15
358,97,2,1,30800,73,4,2026-07-29 00:24:34
359,97,91,1,78900,73,4,2026-08-05 21:44:57
360,97,130,1,62100,73,4,2026-08-14 11:40:50
361,97,35,5,5000,73,4,2026-08-08 23:41:13
362,98,14,1,90800,89,3,2026-08-18 03:52:26
363,99,23,1,20400,14,3,2026-05-09 09:48:07
364,99,171,1,46800,15,3,2026-06-11 02:47:48
365,99,71,1,10100,13,3,2026-04-18 15:52:51
366,99,126,1,7800,14,3,2026-05-21 00:21:53
367,99,80,1,46600,13,3,2026-04-12 05:59:13
368,99,134,1,11200,17,3,2026-08-06 10:25:25
369,99,196,1,24800,17,3,2026-07-27 12:42:27
370,99,1,2,9800,17,3,2026-08-09 19:49:07
371,100,161,1,12500,22,1,2026-08-09 11:11:47
372,100,116,1,7000,22,1,2026-07-20 16:26:06
373,100,195,1,69400,22,1,2026-07-31 07:46:50
374,101,4,1,25200,14,3,2026-02-06 14:45:21
375,102,98,1,9800,54,4,2024-05-30 16:40:06
376,102,191,2,81700,59,4,2024-10-12 03:07:39
377,102,194,1,111100,80,4,2026-07-27 12:46:17
378,103,75,1,47600,38,3,2026-07-18 13:55:18
379,103,21,1,66900,32,3,2026-02-08 16:52:56
380,104,19,1,26900,60,3,2026-04-25 07:49:00
381,105,29,2,23300,153,1,2026-01-05 22:29:07
382,105,44,1,7300,152,1,2025-12-13 14:51:25
383,105,30,1,3500,161,1,2026-08-23 03:23:20
384,105,126,2,7800,154,1,2026-02-08 21:46:15
385,106,185,2,79100,15,1,2026-08-17 04:39:23
386,106,115,1,35300,13,1,2026-06-21 18:43:20
387,107,24,2,14400,98,1,2026-03-26 04:58:36
388,107,9,1,7100,96,1,2026-02-01 01:58:56
389,107,112,1,21400,100,1,2026-06-09 11:26:24
390,108,150,1,37000,37,2,2026-05-30 20:04:01
391,108,62,2,26400,39,2,2026-07-28 20:28:36
392,109,90,1,9900,40,3,2026-06-30 06:50:41
393,109,21,1,66900,39,3,2026-06-20 21:24:26
394,109,196,3,24800,38,3,2026-05-21 14:01:58
395,110,152,1,21200,9,3,2026-05-21 08:14:07
396,110,11,2,40800,10,3,2026-06-22 06:39:21
397,110,83,1,16900,11,3,2026-07-22 18:30:26
398,110,60,1,4900,11,3,2026-08-17 08:21:45
399,111,9,1,7100,12,3,2026-07-17 08:54:18
400,111,67,1,117900,10,3,2026-05-29 22:28:12
401,112,11,1,40800,59,3,2026-08-12 21:24:24
402,113,162,1,11200,60,3,2026-07-04 19:31:05
403,113,76,1,15100,58,3,2026-05-12 10:34:18
404,113,21,1,66900,55,3,2026-02-18 05:20:14
405,114,156,2,19100,2,3,2026-08-16 12:31:03
406,114,42,1,3400,2,3,2026-08-23 12:34:52
407,114,10,1,24900,1,3,2026-07-23 22:06:10
408,114,50,1,34900,1,3,2026-07-19 15:10:55
409,114,25,1,13900,1,3,2026-07-29 08:25:22
410,114,139,1,40000,1,3,2026-07-20 03:50:57
411,114,155,1,13300,1,3,2026-07-30 03:45:01
412,114,76,1,15100,1,3,2026-08-02 10:24:02
413,115,186,5,27900,104,2,2025-07-18 16:30:28
414,115,50,1,34900,100,2,2025-03-07 18:04:53
415,115,90,1,9900,110,2,2026-01-06 09:07:35
416,116,94,1,54000,61,4,2026-05-10 13:28:22
417,116,27,1,81900,61,4,2026-05-18 09:54:34
418,116,75,1,47600,62,4,2026-06-23 20:27:16
419,116,162,1,11200,62,4,2026-06-26 10:58:06
420,116,12,1,11000,63,4,2026-08-04 04:44:10
421,116,175,1,13300,63,4,2026-08-09 07:04:57
422,117,15,1,3700,81,2,2026-05-09 22:55:28
423,117,183,1,32100,82,2,2026-05-25 18:35:46
424,118,14,2,90800,134,2,2026-06-29 19:42:27
425,118,118,5,26200,124,2,2025-08-18 19:23:54
426,119,192,1,4500,51,4,2026-02-16 12:57:10
427,119,104,1,21900,44,4,2025-07-30 01:09:33
428,119,110,1,28600,56,4,2026-08-01 16:10:08
429,119,146,1,7100,55,4,2026-06-23 14:28:22
430,120,76,3,15100,14,3,2025-08-02 19:12:13
431,120,146,2,7100,20,3,2026-01-17 18:33:25
432,120,2,1,30800,15,3,2025-08-05 05:28:34
433,120,36,1,13100,17,3,2025-10-12 13:19:54
434,120,2,1,30800,18,3,2025-11-17 21:53:42
435,120,169,2,51900,22,3,2026-03-16 18:41:47
436,120,143,1,2700,27,3,2026-08-14 20:19:19
437,120,151,2,9700,26,3,2026-08-01 10:52:47
438,121,171,1,46800,153,2,2026-05-20 00:04:01
439,121,19,1,26900,154,2,2026-07-10 09:54:52
440,121,197,1,13600,154,2,2026-07-06 06:34:28
441,122,51,1,42400,83,4,2026-08-22 04:21:16
442,122,52,1,35000,73,4,2025-10-19 20:53:55
443,122,116,1,7000,78,4,2026-03-06 04:51:30
444,123,16,1,40400,56,3,2026-08-05 00:28:56
445,123,134,1,11200,55,3,2026-07-10 08:14:48
446,123,91,1,78900,55,3,2026-07-11 20:23:38
447,124,60,1,4900,43,3,2025-03-03 07:44:51
448,124,136,1,6600,44,3,2025-03-24 01:56:06
449,124,51,1,42400,60,3,2026-08-11 19:37:09
450,125,36,1,13100,90,1,2026-04-07 19:43:46
451,125,70,1,22800,89,1,2026-03-16 19:46:51
452,125,14,1,90800,89,1,2026-03-21 15:15:59
453,125,5,1,29100,93,1,2026-07-08 00:17:56
454,125,8,1,29500,87,1,2026-01-15 19:25:25
455,125,50,1,34900,89,1,2026-03-09 16:37:14
456,125,78,2,25500,92,1,2026-06-15 13:44:18
457,125,96,1,14500,93,1,2026-07-05 01:48:27
458,126,38,1,4400,70,2,2026-07-17 05:13:44
459,126,153,2,23900,71,2,2026-08-15 13:13:30
460,126,60,1,4900,69,2,2026-06-12 23:40:30
461,127,175,1,13300,23,3,2026-07-10 16:04:29
462,128,130,1,62100,47,5,2026-01-11 00:27:41
463,128,164,1,5800,45,5,2025-12-04 04:41:04
464,128,19,1,26900,53,5,2026-08-07 07:42:55
465,129,167,2,13900,77,3,2026-06-03 12:19:24
466,129,39,1,14200,78,3,2026-06-15 07:26:52
467,129,198,1,12600,78,3,2026-06-20 15:39:16
468,129,16,1,40400,79,3,2026-07-09 01:09:44
469,129,32,1,4200,79,3,2026-07-24 22:37:25
470,129,24,1,14400,80,3,2026-08-06 15:35:05
471,130,139,1,40000,62,4,2026-08-06 22:25:18
472,131,107,1,1700,150,4,2026-05-16 06:57:48
473,131,182,2,4900,149,4,2026-04-20 15:45:38
474,131,198,1,12600,150,4,2026-05-08 13:44:04
475,131,108,1,11800,150,4,2026-05-18 19:27:46
476,131,20,1,10000,152,4,2026-08-03 10:01:19
477,131,194,1,111100,151,4,2026-06-12 23:28:37
478,131,42,1,3400,147,4,2026-02-27 16:32:42
479,131,13,1,107000,150,4,2026-05-21 11:49:01
480,132,187,1,32400,74,4,2026-06-03 21:11:17
481,132,128,1,2800,72,4,2026-04-17 14:49:54
482,132,197,1,13600,76,4,2026-08-18 22:58:45
483,133,50,1,34900,157,4,2025-09-13 22:34:13
484,133,102,1,24400,166,4,2026-06-24 02:12:48
485,134,186,1,27900,68,2,2025-06-09 14:11:10
486,134,42,1,3400,82,2,2026-08-06 21:04:36
487,135,131,2,27700,128,2,2026-05-28 06:07:43
488,135,184,1,25700,128,2,2026-06-01 14:02:29
489,135,170,5,4100,130,2,2026-08-01 04:47:50
490,136,63,2,9200,38,2,2026-03-09 02:45:10
491,136,16,1,40400,41,2,2026-06-13 04:32:40
492,137,14,5,90800,112,2,2026-04-28 02:55:55
493,137,56,3,34500,95,2,2024-12-13 19:24:13
494,137,160,1,9700,112,2,2026-05-04 04:42:16
495,137,25,1,13900,111,2,2026-03-25 19:40:00
496,138,9,1,7100,124,3,2026-08-01 12:34:38
497,138,145,2,20500,124,3,2026-08-05 00:44:15
498,139,103,2,36900,13,2,2026-06-23 08:25:05
499,140,44,2,7300,19,2,2025-02-15 06:43:15
500,140,163,1,9900,19,2,2025-03-01 20:16:51
501,140,164,1,5800,20,2,2025-04-04 08:26:19
502,140,84,2,29100,21,2,2025-04-17 20:22:19
503,140,6,3,8900,34,2,2026-05-12 00:27:01
504,140,175,2,13300,28,2,2025-11-11 02:35:34
505,141,147,3,12600,79,3,2025-04-23 07:40:43
506,141,62,1,26400,83,3,2025-08-25 11:44:01
507,142,189,1,113400,31,4,2026-06-03 05:02:49
508,142,5,2,29100,31,4,2026-06-01 20:57:08
509,142,40,3,49000,33,4,2026-08-12 09:38:30
510,143,95,1,10100,2,2,2026-06-17 11:14:17
511,143,139,1,40000,4,2,2026-08-11 20:45:06
512,143,96,1,14500,5,2,2026-08-21 05:01:48
513,143,94,2,54000,3,2,2026-07-04 16:40:49
514,144,195,1,69400,29,3,2026-04-24 00:50:12
515,145,70,1,22800,123,3,2025-02-04 22:45:20
516,145,1,1,9800,140,3,2026-06-20 14:47:04
517,145,31,2,25400,141,3,2026-07-18 15:00:50
518,145,5,1,29100,126,3,2025-05-06 05:33:28
519,145,56,1,34500,128,3,2025-07-07 22:44:39
520,145,27,1,81900,133,3,2025-11-20 02:28:42
521,145,26,1,7800,136,3,2026-03-06 14:45:12
522,145,80,1,46600,141,3,2026-08-01 07:24:38
523,146,100,1,9400,24,3,2026-08-13 02:45:46
524,146,4,2,25200,17,3,2026-01-04 23:07:41
525,146,17,1,48200,24,3,2026-08-02 06:51:32
526,146,98,3,9800,22,3,2026-06-11 07:22:44
527,147,81,3,47300,55,1,2026-03-02 13:28:19
528,148,52,1,35000,51,3,2026-02-13 03:27:14
529,148,175,1,13300,52,3,2026-03-30 21:11:04
530,148,194,1,111100,54,3,2026-05-09 09:30:28
531,149,96,1,14500,115,4,2025-09-07 05:00:38
532,149,79,5,13300,125,4,2026-06-14 18:25:27
533,150,9,1,7100,80,2,2026-01-11 14:03:26
534,150,133,1,55200,82,2,2026-03-15 23:30:24
535,151,141,1,28700,126,4,2026-04-23 13:10:28
536,151,181,1,6900,122,4,2026-01-03 08:59:47
537,151,21,1,66900,127,4,2026-05-30 21:27:48
538,152,40,2,49000,29,4,2026-08-21 07:46:59
539,152,130,1,62100,29,4,2026-08-21 20:34:15
540,152,43,1,17200,29,4,2026-08-22 13:33:10
541,153,185,1,79100,45,2,2025-10-15 12:57:09
542,153,13,1,107000,52,2,2026-05-04 12:12:52
543,154,22,1,18300,15,3,2026-07-08 22:21:31
544,154,14,2,90800,17,3,2026-08-17 11:33:09
545,154,173,1,71700,14,3,2026-05-24 07:00:15
546,154,17,1,48200,16,3,2026-07-31 02:06:54
547,154,32,1,4200,16,3,2026-07-17 00:19:58
548,154,13,1,107000,14,3,2026-05-25 04:17:31
549,155,23,3,20400,75,4,2026-07-03 07:16:11
550,155,24,1,14400,71,4,2026-02-19 12:14:15
551,155,71,1,10100,74,4,2026-05-14 12:48:30
552,156,8,1,29500,16,1,2026-07-01 10:14:22
553,156,3,1,42600,13,1,2026-03-30 13:00:34
554,157,117,1,22000,30,4,2026-08-08 09:24:21
555,157,72,1,10000,28,4,2026-06-05 17:25:56
556,157,49,1,27000,12,4,2025-02-10 17:59:45
557,157,1,2,9800,29,4,2026-06-21 09:11:30
558,158,191,1,81700,43,1,2023-11-06 14:49:10
559,158,7,1,9200,51,1,2024-06-29 13:02:09
560,158,40,1,49000,76,1,2026-08-15 15:16:31
561,159,135,1,5900,26,2,2026-04-12 19:53:10
562,159,74,1,13000,27,2,2026-05-18 10:48:03
563,159,175,2,13300,24,2,2026-02-16 04:13:37
564,159,60,1,4900,24,2,2026-02-24 17:33:11
565,159,152,5,21200,24,2,2026-03-01 10:56:04
566,159,38,1,4400,25,2,2026-03-22 03:38:31
567,160,42,1,3400,14,1,2026-02-09 16:09:55
568,160,121,1,24000,16,1,2026-04-23 18:35:22
569,160,132,1,17400,18,1,2026-06-25 10:43:35
570,160,116,3,7000,19,1,2026-07-25 17:17:24
571,160,129,1,8800,19,1,2026-08-03 18:27:37
572,160,49,1,27000,20,1,2026-08-08 22:57:54
573,160,149,1,3800,20,1,2026-08-08 10:54:44
574,160,19,3,26900,20,1,2026-08-11 03:49:46
575,161,197,1,13600,123,1,2026-06-07 04:31:26
576,161,32,1,4200,121,1,2026-04-10 04:10:24
577,161,94,1,54000,124,1,2026-07-06 14:55:40
578,161,37,1,1900,125,1,2026-07-23 06:46:39
579,162,43,1,17200,98,3,2026-08-20 11:07:34
580,162,69,1,9900,91,3,2026-01-18 23:27:01
581,162,195,1,69400,93,3,2026-03-24 22:12:33
582,163,196,3,24800,108,3,2026-07-04 03:31:36
583,163,86,1,12200,104,3,2026-02-20 08:37:01
584,164,134,1,11200,66,3,2026-07-17 05:02:16
585,164,86,1,12200,54,3,2025-07-29 08:19:13
586,164,69,2,9900,66,3,2026-07-11 22:36:18
587,165,9,1,7100,16,1,2026-06-05 07:38:33
588,165,151,1,9700,17,1,2026-07-31 19:11:14
589,165,179,1,1200,15,1,2026-05-20 13:13:08
590,165,47,1,133600,12,1,2026-02-13 14:05:53
591,165,126,2,7800,15,1,2026-05-17 15:49:50
592,165,64,3,18000,15,1,2026-05-27 22:10:22
593,166,62,1,26400,28,3,2025-10-09 10:39:26
594,166,41,2,2900,29,3,2025-11-03 21:41:47
595,166,58,1,35900,29,3,2025-11-22 13:38:54
596,166,88,1,53500,28,3,2025-10-13 14:40:04
597,166,62,1,26400,30,3,2025-12-06 01:54:24
598,166,139,1,40000,37,3,2026-07-19 05:35:36
599,166,153,1,23900,33,3,2026-03-18 03:34:12
600,166,152,1,21200,38,3,2026-08-02 13:36:51
601,167,154,1,28700,37,1,2026-03-10 19:07:33
602,167,20,1,10000,40,1,2026-06-06 00:07:54
603,167,72,3,10000,40,1,2026-06-09 22:20:51
604,167,159,1,12200,42,1,2026-07-30 05:05:08
605,168,121,3,24000,75,2,2026-08-17 00:36:30
606,168,7,1,9200,74,2,2026-08-09 06:35:07
607,169,43,1,17200,51,4,2026-08-19 15:21:23
608,169,148,3,6200,50,4,2026-07-22 02:10:05
609,169,52,1,35000,48,4,2026-05-22 06:28:35
610,169,32,1,4200,50,4,2026-07-13 01:24:11
611,170,97,1,8000,56,4,2026-05-04 07:46:59
612,170,47,1,133600,55,4,2026-04-24 05:35:54
613,170,70,3,22800,56,4,2026-04-30 09:20:31
614,170,111,2,12800,59,4,2026-08-24 15:02:46
615,170,187,1,32400,55,4,2026-04-23 08:49:24
616,170,32,1,4200,53,4,2026-02-20 02:38:29
617,170,35,1,5000,57,4,2026-06-17 09:31:07
618,170,118,1,26200,58,4,2026-07-07 09:25:03
619,171,139,2,40000,22,2,2026-08-20 04:41:30
620,171,181,1,6900,15,2,2026-01-10 10:00:14
621,171,93,1,12500,20,2,2026-06-21 21:30:10
622,172,65,2,43200,43,3,2026-06-01 19:46:25
623,172,115,1,35300,44,3,2026-07-27 21:52:07
624,172,15,3,3700,44,3,2026-07-20 01:08:16
625,173,100,1,9400,98,4,2026-01-10 09:21:28
626,173,59,1,66100,98,4,2026-01-14 00:21:38
627,173,61,1,27500,99,4,2026-01-24 10:57:15
628,173,78,1,25500,104,4,2026-06-30 12:59:55
629,174,16,1,40400,22,1,2026-05-29 15:07:58
630,174,169,2,51900,20,1,2026-03-18 02:11:46
631,175,13,1,107000,88,2,2026-05-11 03:41:24
632,175,185,1,79100,90,2,2026-06-25 22:59:22
633,175,59,1,66100,90,2,2026-06-28 14:42:49
634,175,69,1,9900,90,2,2026-07-16 14:45:37
635,176,162,1,11200,8,3,2026-05-29 09:45:12
636,176,9,3,7100,9,3,2026-06-15 01:15:37
637,176,75,1,47600,10,3,2026-07-19 02:26:26
638,176,64,1,18000,10,3,2026-07-22 17:52:39
639,177,36,1,13100,105,4,2025-11-10 11:49:12
640,178,64,1,18000,88,2,2026-08-12 03:41:02
641,178,8,1,29500,88,2,2026-08-21 15:53:22
642,178,182,1,4900,88,2,2026-08-11 23:52:04
643,179,2,1,30800,14,5,2026-07-15 15:07:14
644,179,69,1,9900,14,5,2026-07-21 10:44:22
645,180,155,1,13300,91,4,2026-06-22 22:57:53
646,181,177,1,3900,29,1,2025-09-10 22:37:27
647,182,98,1,9800,94,3,2026-08-14 21:08:32
648,182,34,1,6300,92,3,2026-06-21 02:47:35
649,182,129,1,8800,94,3,2026-08-12 11:56:34
650,182,124,1,20900,94,3,2026-07-31 20:14:24
651,182,98,1,9800,91,3,2026-05-11 14:04:34
652,182,10,1,24900,92,3,2026-06-19 21:39:51
653,183,81,1,47300,18,4,2026-07-30 13:33:58
654,184,166,1,58200,116,3,2026-05-31 08:53:36
655,184,183,1,32100,118,3,2026-07-24 01:10:42
656,184,90,2,9900,116,3,2026-06-11 15:32:24
657,184,161,1,12500,117,3,2026-06-17 15:51:54
658,185,49,1,27000,10,3,2026-08-10 00:43:08
659,186,111,1,12800,95,3,2026-07-14 23:16:02
660,186,25,1,13900,93,3,2026-05-08 01:56:21
661,186,64,1,18000,94,3,2026-06-17 07:59:15
662,187,107,1,1700,71,3,2026-05-12 18:59:50
663,187,196,1,24800,72,3,2026-05-25 22:18:53
664,187,189,1,113400,73,3,2026-07-11 17:53:40
665,188,19,1,26900,66,3,2026-05-12 22:04:35
666,188,154,1,28700,61,3,2025-12-06 13:17:27
667,188,192,3,4500,63,3,2026-02-06 15:07:23
668,188,68,3,39700,65,3,2026-04-12 04:57:16
669,189,19,1,26900,22,4,2026-01-13 00:13:58
670,189,68,1,39700,18,4,2025-09-08 14:22:07
671,189,89,2,15000,19,4,2025-10-19 05:19:20
672,189,67,1,117900,29,4,2026-07-31 16:18:00
673,190,182,5,4900,51,3,2026-08-13 08:29:17
674,190,195,5,69400,51,3,2026-08-12 15:31:12
675,190,56,2,34500,51,3,2026-08-09 20:47:37
676,191,58,1,35900,9,2,2026-08-18 05:49:19
677,191,92,1,13000,9,2,2026-08-14 16:02:21
678,192,30,1,3500,48,1,2026-07-28 04:04:19
679,192,36,3,13100,46,1,2026-05-27 14:40:23
680,192,177,1,3900,48,1,2026-07-20 12:53:32
681,192,30,1,3500,48,1,2026-07-20 23:48:56
682,193,171,1,46800,53,1,2026-06-18 23:37:35
683,193,61,1,27500,49,1,2026-02-09 02:27:41
684,193,55,1,17900,50,1,2026-03-02 12:10:44
685,194,113,1,11200,35,4,2026-06-29 22:50:31
686,194,71,1,10100,35,4,2026-06-25 00:21:00
687,195,195,1,69400,36,3,2025-04-07 15:38:55
688,196,50,1,34900,79,4,2026-01-10 01:15:06
689,196,55,1,17900,81,4,2026-03-09 11:35:01
690,196,142,1,39400,80,4,2026-02-19 18:08:08
691,196,148,1,6200,82,4,2026-04-05 20:38:18
692,197,155,1,13300,59,5,2026-07-30 16:02:25
693,197,26,2,7800,55,5,2026-03-21 21:26:56
694,198,105,1,6000,111,1,2026-05-28 09:43:50
695,198,30,1,3500,113,1,2026-08-04 09:37:24
696,199,63,1,9200,131,1,2026-08-09 06:32:22
697,199,82,3,22700,130,1,2026-07-25 00:33:41
698,199,101,1,5900,130,1,2026-07-12 00:00:37
699,199,9,1,7100,129,1,2026-06-16 19:44:56
700,199,189,1,113400,127,1,2026-04-26 12:36:27
701,199,155,1,13300,130,1,2026-08-06 13:09:34
702,200,200,2,3900,110,1,2026-08-19 14:11:16
703,200,97,1,8000,107,1,2026-05-16 16:24:07
704,200,106,3,5100,107,1,2026-05-13 11:13:31
705,200,117,1,22000,108,1,2026-06-20 22:00:45
706,201,164,1,5800,53,3,2026-07-22 23:32:46
707,201,23,1,20400,52,3,2026-06-16 06:19:34
708,202,181,3,6900,10,3,2026-04-29 12:13:37
709,203,19,1,26900,101,5,2026-02-22 21:07:27
710,203,107,1,1700,99,5,2025-12-11 23:02:14
711,203,104,1,21900,102,5,2026-03-22 05:18:57
712,203,102,1,24400,104,5,2026-05-05 11:30:54
713,204,197,1,13600,3,3,2026-06-23 12:20:02
714,204,177,1,3900,5,3,2026-08-20 09:31:13
715,204,187,1,32400,3,3,2026-06-18 10:05:06
716,204,16,1,40400,4,3,2026-07-31 22:28:18
717,204,145,1,20500,3,3,2026-07-07 11:27:06
718,204,186,1,27900,4,3,2026-08-02 10:34:30
719,205,177,1,3900,59,4,2026-05-20 13:54:39
720,205,63,1,9200,60,4,2026-05-28 18:42:02
721,205,192,1,4500,60,4,2026-06-04 14:08:18
722,205,70,1,22800,60,4,2026-06-12 03:42:29
723,205,128,1,2800,61,4,2026-06-29 16:10:18
724,205,94,1,54000,61,4,2026-07-16 06:03:12
725,206,80,2,46600,54,2,2026-05-29 15:09:34
726,206,111,1,12800,46,2,2025-10-16 00:09:10
727,206,39,5,14200,51,2,2026-03-18 23:48:13
728,206,140,1,14100,53,2,2026-05-20 08:30:16
729,207,89,1,15000,74,2,2025-07-08 17:59:13
730,207,67,1,117900,82,2,2026-03-13 14:32:06
731,208,108,1,11800,87,3,2025-07-14 17:04:31
732,208,112,1,21400,83,3,2025-03-13 15:32:35
733,208,80,1,46600,96,3,2026-04-14 23:59:54
734,208,46,3,5600,92,3,2025-12-09 03:19:25
735,208,12,1,11000,100,3,2026-08-02 21:00:56
736,208,164,1,5800,96,3,2026-04-11 16:20:20
737,209,67,1,117900,69,1,2026-07-25 12:55:42
738,210,24,1,14400,13,4,2025-12-26 13:09:35
739,210,80,1,46600,15,4,2026-02-24 22:31:47
740,211,49,1,27000,51,2,2025-01-01 07:13:12
741,211,151,1,9700,53,2,2025-03-11 16:33:40
742,211,42,1,3400,64,2,2026-02-22 15:24:07
743,211,55,1,17900,68,2,2026-06-06 23:46:54
744,212,80,1,46600,56,4,2026-07-28 00:16:09
745,212,37,1,1900,50,4,2026-01-29 04:04:08
746,212,56,1,34500,54,4,2026-05-27 05:44:31
747,213,137,1,14400,39,3,2026-06-19 09:38:19
748,213,119,1,96900,40,3,2026-07-29 14:45:55
749,213,41,3,2900,40,3,2026-07-09 11:06:51
750,213,54,1,5900,38,3,2026-05-23 23:38:04
751,213,152,1,21200,38,3,2026-05-26 16:20:22
752,213,164,1,5800,41,3,2026-08-09 12:32:23
753,213,172,1,33100,40,3,2026-07-18 00:56:10
754,213,11,2,40800,38,3,2026-05-21 21:47:18
755,214,33,1,16300,14,3,2026-06-13 19:30:52
756,214,90,1,9900,16,3,2026-08-10 18:50:27
757,214,143,2,2700,17,3,2026-08-25 10:03:54
758,214,112,1,21400,17,3,2026-08-16 17:11:43
759,215,107,1,1700,116,2,2026-06-26 22:47:53
760,215,4,1,25200,116,2,2026-07-19 18:18:33
761,216,44,1,7300,62,2,2026-08-03 03:19:40
762,216,54,5,5900,62,2,2026-07-27 06:52:43
763,216,132,2,17400,62,2,2026-07-30 15:36:37
764,217,79,1,13300,95,2,2026-06-26 10:13:23
765,217,156,3,19100,96,2,2026-08-08 04:39:46
766,218,90,2,9900,24,5,2025-11-10 08:37:23
767,218,43,1,17200,34,5,2026-08-25 05:46:43
768,218,66,2,5800,27,5,2026-02-15 17:59:20
769,218,81,1,47300,28,5,2026-03-04 18:25:09
770,218,65,1,43200,25,5,2025-12-15 19:26:56
771,218,47,1,133600,26,5,2026-01-14 20:10:33
772,218,96,1,14500,32,5,2026-06-24 11:53:35
773,218,156,1,19100,33,5,2026-08-02 04:43:41
774,219,62,1,26400,95,2,2025-09-13 02:12:05
775,219,167,1,13900,98,2,2025-12-11 04:54:30
776,219,77,3,4600,106,2,2026-08-22 17:04:27
777,219,11,1,40800,104,2,2026-06-10 16:49:44
778,220,141,1,28700,81,3,2026-02-12 21:06:07
779,220,39,1,14200,85,3,2026-06-24 06:55:35
780,220,90,1,9900,85,3,2026-06-29 22:21:43
781,221,90,1,9900,74,2,2026-04-11 18:16:59
782,221,66,2,5800,76,2,2026-06-10 16:47:53
783,221,134,1,11200,78,2,2026-08-21 11:47:15
784,221,102,1,24400,75,2,2026-05-06 10:09:35
785,221,25,2,13900,76,2,2026-06-03 11:22:22
786,221,110,1,28600,77,2,2026-07-04 12:07:40
787,222,108,1,11800,18,2,2026-08-12 15:36:32
788,222,156,1,19100,18,2,2026-08-15 23:26:55
789,223,88,1,53500,28,2,2025-12-16 23:30:34
790,223,87,5,27000,28,2,2025-12-19 20:15:23
791,224,50,1,34900,23,2,2026-03-29 04:28:15
792,224,180,3,63700,20,2,2025-12-22 14:57:24
793,224,129,2,8800,27,2,2026-07-20 09:57:02
794,224,15,1,3700,22,2,2026-03-19 22:50:55
795,225,157,1,3700,121,3,2026-08-20 02:03:18
796,225,36,1,13100,121,3,2026-08-25 08:21:13
797,226,133,3,55200,48,2,2026-08-13 09:48:38
798,226,142,1,39400,49,2,2026-08-17 06:16:42
799,227,110,1,28600,11,2,2026-08-05 20:02:54
800,227,183,1,32100,2,2,2025-10-23 20:32:45
801,227,183,1,32100,3,2,2025-12-09 08:45:10
802,228,26,3,7800,36,2,2026-06-30 12:48:58
803,228,99,1,24000,36,2,2026-07-01 02:21:42
804,228,112,1,21400,38,2,2026-08-18 15:37:16
805,228,118,2,26200,36,2,2026-07-09 15:58:34
806,228,21,1,66900,38,2,2026-08-18 05:56:47
807,228,81,1,47300,37,2,2026-07-25 10:13:40
808,229,131,1,27700,58,2,2026-05-18 05:12:40
809,229,11,1,40800,58,2,2026-05-27 09:11:47
810,229,38,1,4400,59,2,2026-06-26 07:54:18
811,229,29,1,23300,59,2,2026-06-28 12:48:42
812,229,119,2,96900,61,2,2026-08-20 23:11:52
813,229,11,1,40800,59,2,2026-07-04 10:29:47
814,230,93,3,12500,12,3,2026-06-12 21:35:32
815,230,86,2,12200,13,3,2026-06-28 18:54:55
816,230,55,1,17900,14,3,2026-08-10 15:20:30
817,231,28,1,3700,22,1,2026-06-15 22:45:01
818,231,95,1,10100,23,1,2026-08-07 19:13:27
819,232,109,3,9600,18,4,2026-04-14 04:51:29
820,232,17,1,48200,22,4,2026-08-01 22:41:19
821,232,129,1,8800,21,4,2026-07-06 17:48:22
822,233,177,2,3900,10,3,2026-01-17 04:10:20
823,233,176,1,5200,11,3,2026-02-04 04:30:51
824,233,29,1,23300,18,3,2026-08-25 17:16:40
825,233,131,2,27700,14,3,2026-05-13 15:09:45
826,233,158,3,24300,17,3,2026-07-22 18:19:06
827,233,57,2,48700,16,3,2026-07-19 23:57:48
828,233,88,2,53500,14,3,2026-05-15 11:37:22
829,233,84,1,29100,11,3,2026-01-28 23:00:01
830,234,177,2,3900,28,4,2024-10-03 21:23:58
831,234,59,1,66100,38,4,2025-08-14 04:01:15
832,234,151,1,9700,44,4,2026-01-21 06:14:56
833,235,12,1,11000,36,3,2026-08-03 22:21:49
834,235,36,1,13100,35,3,2026-06-19 10:59:07
835,236,110,1,28600,103,3,2026-07-08 16:31:21
836,236,37,1,1900,104,3,2026-08-12 01:13:48
837,236,181,5,6900,104,3,2026-08-15 15:04:03
838,237,36,1,13100,26,2,2026-06-06 18:40:23
839,237,77,1,4600,28,2,2026-08-23 04:16:23
840,237,57,3,48700,25,2,2026-05-09 21:43:10
841,238,48,1,17200,54,2,2026-07-09 09:24:05
842,239,104,1,21900,70,3,2026-08-13 20:46:51
843,239,68,2,39700,67,3,2026-05-24 06:49:49
844,239,13,1,107000,67,3,2026-05-31 21:55:05
845,239,116,2,7000,67,3,2026-06-04 00:41:21
846,239,73,1,33200,69,3,2026-07-24 09:53:38
847,239,127,1,56600,68,3,2026-06-09 22:24:11
848,239,7,1,9200,67,3,2026-05-14 22:30:21
849,239,132,1,17400,70,3,2026-08-14 08:31:27
850,240,15,1,3700,73,3,2026-06-11 04:31:09
851,240,130,2,62100,73,3,2026-07-01 04:39:17
852,241,7,1,9200,137,3,2026-08-06 06:27:03
853,241,167,1,13900,137,3,2026-08-01 19:08:12
854,242,9,1,7100,85,4,2026-08-20 13:53:15
855,242,180,1,63700,84,4,2026-07-25 09:57:44
856,242,79,1,13300,84,4,2026-08-11 05:11:10
857,242,165,3,15600,85,4,2026-08-19 12:38:55
858,243,132,1,17400,29,2,2026-08-10 10:26:41
859,243,139,1,40000,29,2,2026-07-30 05:48:40
860,243,36,1,13100,17,2,2025-07-20 01:53:56
861,243,199,2,14300,29,2,2026-07-20 04:11:25
862,244,7,1,9200,13,4,2026-02-18 03:42:56
863,244,10,2,24900,8,4,2025-09-26 03:53:32
864,244,69,1,9900,1,4,2025-03-07 16:38:32
865,244,98,1,9800,2,4,2025-03-31 20:01:52
866,244,28,1,3700,17,4,2026-06-25 00:12:04
867,244,21,1,66900,16,4,2026-05-27 03:19:28
868,245,81,2,47300,136,4,2026-02-23 12:32:17
869,245,67,1,117900,137,4,2026-04-04 23:37:39
870,246,95,1,10100,85,3,2026-07-14 19:16:38
871,246,130,3,62100,84,3,2026-06-28 08:50:42
872,247,37,1,1900,14,3,2026-08-09 18:53:31
873,248,51,1,42400,24,3,2026-08-05 06:57:02
874,248,119,1,96900,25,3,2026-08-22 14:04:55
875,248,152,1,21200,23,3,2026-06-10 12:02:09
876,248,84,1,29100,25,3,2026-08-11 10:40:06
877,248,84,1,29100,24,3,2026-07-07 01:52:05
878,248,88,3,53500,23,3,2026-06-25 13:02:49
879,248,74,1,13000,22,3,2026-06-01 01:14:01
880,248,45,1,73800,22,3,2026-06-03 00:12:33
881,249,162,1,11200,18,3,2026-08-10 02:52:13
882,249,200,1,3900,18,3,2026-08-08 03:58:11
883,250,117,5,22000,20,3,2026-07-15 14:01:37
884,250,128,1,2800,15,3,2026-03-06 11:34:45
885,251,80,1,46600,103,4,2025-12-01 17:16:58
886,251,24,1,14400,108,4,2026-04-14 10:25:51
887,251,51,1,42400,112,4,2026-08-11 23:53:06
888,251,106,2,5100,109,4,2026-05-31 03:42:04
889,252,109,3,9600,4,2,2026-08-07 08:06:45
890,252,132,2,17400,2,2,2026-06-11 02:17:20
891,252,106,1,5100,3,2,2026-07-06 21:30:25
892,253,173,1,71700,90,4,2025-10-27 18:49:06
893,253,31,1,25400,90,4,2025-11-17 15:51:30
894,253,166,3,58200,98,4,2026-07-04 12:34:18
895,254,132,1,17400,52,4,2026-04-30 13:20:48
896,254,123,1,59100,51,4,2026-04-02 10:27:30
897,254,111,2,12800,45,4,2025-10-14 09:23:01
898,254,26,1,7800,53,4,2026-06-02 09:21:45
899,254,187,1,32400,53,4,2026-06-09 20:41:15
900,254,200,1,3900,54,4,2026-06-26 01:53:19
901,255,16,1,40400,19,2,2026-06-26 21:07:34
902,255,151,1,9700,19,2,2026-06-25 06:36:43
903,255,134,5,11200,21,2,2026-08-14 21:03:18
904,255,93,1,12500,19,2,2026-06-06 10:07:02
905,255,116,3,7000,20,2,2026-07-13 23:55:50
906,255,10,1,24900,20,2,2026-07-29 18:28:07
907,256,156,3,19100,85,2,2026-07-15 12:59:07
908,257,46,1,5600,49,3,2026-07-16 14:14:44
909,258,191,3,81700,24,4,2025-10-22 13:04:58
910,258,12,1,11000,34,4,2026-08-24 11:43:08
911,258,109,2,9600,20,4,2025-06-23 00:48:35
912,258,7,1,9200,23,4,2025-10-04 13:39:56
913,259,194,1,111100,88,1,2026-07-09 03:16:41
914,259,116,1,7000,87,1,2026-06-02 15:38:31
915,259,116,5,7000,75,1,2025-06-19 16:47:15
916,259,145,1,20500,83,1,2026-01-25 17:12:38
917,259,114,1,11900,89,1,2026-07-29 18:32:33
918,259,127,2,56600,88,1,2026-07-06 21:06:59
919,260,91,1,78900,57,4,2026-05-11 23:03:19
920,260,40,1,49000,59,4,2026-08-01 07:34:48
921,261,96,1,14500,21,3,2025-03-26 23:47:17
922,261,89,2,15000,28,3,2025-11-12 16:25:39
923,262,20,1,10000,24,2,2026-08-12 05:08:50
924,262,9,1,7100,24,2,2026-07-23 13:15:04
925,262,9,2,7100,24,2,2026-08-06 13:12:35
926,262,12,3,11000,24,2,2026-08-08 01:23:41
927,263,142,1,39400,21,3,2026-05-27 07:19:17
928,263,17,1,48200,22,3,2026-07-07 06:15:54
929,263,48,1,17200,21,3,2026-05-24 15:43:15
930,263,34,1,6300,22,3,2026-06-25 08:21:40
931,264,102,1,24400,20,4,2026-06-27 13:48:35
932,264,123,2,59100,16,4,2026-02-17 23:24:02
933,265,76,2,15100,154,3,2025-11-02 22:23:25
934,265,128,2,2800,160,3,2026-05-17 06:08:23
935,265,142,1,39400,149,3,2025-06-17 12:32:26
936,266,141,1,28700,128,2,2026-06-03 19:13:30
937,266,200,1,3900,118,2,2025-08-23 01:30:27
938,266,133,2,55200,119,2,2025-10-02 06:35:01
939,266,56,1,34500,125,2,2026-03-30 08:01:01
940,267,166,3,58200,79,3,2026-08-22 15:38:06
941,267,8,2,29500,70,3,2025-11-06 21:09:25
942,268,80,1,46600,83,2,2026-08-08 05:46:53
943,268,21,1,66900,83,2,2026-08-09 08:50:55
944,268,188,1,43300,83,2,2026-08-10 14:59:36
945,268,190,3,9200,83,2,2026-08-10 20:20:01
946,269,111,3,12800,55,3,2026-08-06 10:09:36
947,269,197,1,13600,55,3,2026-08-08 10:36:12
948,269,194,1,111100,55,3,2026-08-11 09:42:02
949,270,23,1,20400,32,2,2026-03-01 04:10:20
950,271,100,1,9400,43,1,2026-05-26 22:47:26
951,271,33,1,16300,41,1,2026-03-02 13:26:59
952,271,129,5,8800,45,1,2026-07-18 15:45:50
953,272,135,2,5900,12,2,2026-01-04 07:33:58
954,272,84,1,29100,16,2,2026-04-29 07:39:29
955,272,18,1,17800,11,2,2025-11-24 07:37:02
956,273,48,2,17200,23,4,2026-08-06 09:52:37
957,273,43,1,17200,24,4,2026-08-20 12:56:29
958,273,34,1,6300,22,4,2026-06-24 21:09:44
959,273,33,3,16300,24,4,2026-08-19 08:30:49
960,274,48,1,17200,20,1,2026-06-04 04:53:50
961,275,126,2,7800,85,3,2026-01-14 17:18:31
962,275,46,1,5600,84,3,2025-12-01 14:19:08
963,276,52,3,35000,35,1,2026-07-23 09:35:29
964,277,38,1,4400,42,2,2025-09-12 08:49:28
965,277,60,1,4900,43,2,2025-10-14 18:31:08
966,277,41,1,2900,51,2,2026-06-20 12:21:24
967,278,180,1,63700,7,3,2026-06-09 12:06:41
968,278,94,3,54000,6,3,2026-04-25 21:13:07
969,278,151,2,9700,4,3,2026-02-26 07:06:01
970,278,17,2,48200,7,3,2026-05-28 02:09:00
971,279,147,1,12600,31,1,2026-08-17 20:32:45
972,280,61,1,27500,49,4,2026-04-07 04:56:19
973,281,11,1,40800,173,2,2026-07-29 23:35:54
974,281,131,1,27700,173,2,2026-07-05 08:19:54
975,281,74,3,13000,173,2,2026-07-01 17:23:58
976,281,135,1,5900,172,2,2026-06-03 15:26:08
977,281,150,1,37000,174,2,2026-08-16 09:01:26
978,281,30,1,3500,174,2,2026-08-25 04:37:00
979,281,92,1,13000,172,2,2026-06-15 11:39:42
980,281,119,1,96900,174,2,2026-08-11 16:58:24
981,282,92,2,13000,51,1,2026-07-15 10:43:30
982,282,57,1,48700,47,1,2026-03-12 11:01:23
983,282,36,1,13100,50,1,2026-06-16 12:11:38
984,282,168,2,23300,48,1,2026-04-20 17:41:15
985,282,45,1,73800,51,1,2026-07-07 12:08:38
986,282,120,1,10600,52,1,2026-08-08 10:28:44
987,283,23,1,20400,47,3,2026-04-29 09:29:20
988,283,24,2,14400,51,3,2026-08-13 14:31:48
989,283,5,1,29100,46,3,2026-04-11 21:51:51
990,283,161,3,12500,45,3,2026-02-25 23:05:15
991,283,20,1,10000,51,3,2026-08-19 01:11:58
992,283,68,1,39700,47,3,2026-04-25 14:40:38
993,284,90,1,9900,80,2,2026-08-04 13:02:46
994,284,19,1,26900,80,2,2026-07-26 16:09:56
995,284,143,1,2700,80,2,2026-07-19 20:35:26
996,284,19,1,26900,80,2,2026-07-28 15:50:43
997,285,143,1,2700,62,4,2026-08-17 11:42:12
998,285,2,1,30800,56,4,2026-02-26 01:29:43
999,286,79,1,13300,8,3,2026-05-02 05:58:32
1000,287,9,1,7100,81,3,2025-05-06 07:19:42
1001,287,99,1,24000,83,3,2025-07-04 15:40:29
1002,287,4,1,25200,85,3,2025-09-04 05:13:09
1003,287,165,2,15600,93,3,2026-04-21 23:32:36
1004,287,179,1,1200,92,3,2026-03-12 03:09:58
1005,287,164,1,5800,96,3,2026-07-17 13:46:46
1006,288,32,1,4200,15,3,2026-04-27 09:34:37
1007,288,130,1,62100,15,3,2026-05-14 21:06:00
1008,289,60,1,4900,20,2,2025-03-11 04:28:30
1009,289,136,2,6600,20,2,2025-03-21 13:30:37
1010,289,131,3,27700,21,2,2025-04-03 23:02:44
1011,289,168,1,23300,27,2,2025-09-25 21:45:21
1012,289,92,1,13000,27,2,2025-10-23 01:41:55
1013,289,188,1,43300,31,2,2026-02-15 21:39:52
1014,289,79,1,13300,32,2,2026-03-17 19:38:20
1015,289,92,5,13000,35,2,2026-06-10 12:49:32
1016,290,24,1,14400,28,4,2026-07-10 00:49:45
1017,290,151,2,9700,27,4,2026-06-14 10:54:35
1018,290,61,1,27500,29,4,2026-08-03 05:26:50
1019,291,97,3,8000,184,2,2026-05-18 14:41:40
1020,291,181,2,6900,185,2,2026-06-14 09:45:40
1021,291,46,2,5600,184,2,2026-05-16 13:47:32
1022,291,95,1,10100,174,2,2025-07-05 20:36:26
1023,291,73,1,33200,178,2,2025-11-24 23:34:04
1024,291,64,1,18000,184,2,2026-05-04 06:23:36
1025,292,121,1,24000,17,3,2026-04-03 20:02:40
1026,292,17,1,48200,21,3,2026-08-17 03:25:27
1027,292,178,1,34800,18,3,2026-05-26 20:17:05
1028,292,149,2,3800,17,3,2026-04-21 09:20:30
1029,292,121,1,24000,18,3,2026-05-02 16:31:36
1030,292,132,1,17400,20,3,2026-07-30 23:42:00
1031,292,79,1,13300,17,3,2026-04-10 13:37:22
1032,292,107,2,1700,19,3,2026-06-14 17:42:46
1033,293,93,1,12500,59,4,2026-05-04 23:35:53
1034,293,123,3,59100,58,4,2026-03-09 18:41:08
1035,294,102,1,24400,44,3,2026-08-12 04:21:34
1036,294,106,2,5100,40,3,2026-03-31 22:57:42
1037,295,29,1,23300,11,1,2026-05-15 21:13:35
1038,295,172,1,33100,10,1,2026-04-11 04:35:21
1039,295,136,1,6600,9,1,2026-03-16 00:49:28
1040,295,174,2,20400,13,1,2026-06-19 17:49:26
1041,296,33,1,16300,12,3,2025-02-27 21:00:23
1042,296,26,2,7800,18,3,2025-08-25 11:46:49
1043,297,170,1,4100,8,1,2026-06-21 14:41:56
1044,297,57,1,48700,8,1,2026-06-26 14:19:06
1045,297,18,1,17800,6,1,2026-05-07 17:32:02
1046,298,139,1,40000,67,4,2026-08-23 10:29:32
1047,298,43,1,17200,66,4,2026-08-05 18:57:06
1048,298,187,1,32400,60,4,2026-01-21 22:16:24
1049,299,46,1,5600,3,4,2026-06-21 17:51:07
1050,299,23,1,20400,3,4,2026-07-01 04:54:48
1051,300,20,2,10000,1,4,2026-05-19 02:07:20
1052,300,48,1,17200,2,4,2026-06-23 19:37:52
1053,300,39,1,14200,2,4,2026-06-02 07:16:18
1054,300,128,2,2800,2,4,2026-06-18 02:43:31
1055,300,177,1,3900,2,4,2026-06-21 23:02:15
1056,300,90,1,9900,3,4,2026-06-26 20:47:10
1057,301,113,1,11200,150,3,2026-04-07 13:39:02
1058,301,14,1,90800,153,3,2026-07-16 05:14:34
1059,302,11,1,40800,13,2,2026-07-17 20:48:11
1060,302,29,1,23300,13,2,2026-08-15 22:45:08
1061,302,18,1,17800,10,2,2026-05-16 09:07:25
1062,302,85,1,9000,12,2,2026-07-15 20:49:41
1063,303,102,3,24400,23,2,2026-06-02 11:35:12
1064,303,48,1,17200,22,2,2026-05-16 01:40:17
1065,303,26,1,7800,23,2,2026-06-01 13:41:14
1066,304,53,1,22600,23,2,2026-08-23 20:23:20
1067,304,152,1,21200,21,2,2026-07-07 15:23:28
1068,304,84,1,29100,11,2,2025-09-11 08:34:55
1069,304,135,2,5900,22,2,2026-08-01 22:55:42
1070,305,133,1,55200,47,4,2025-10-07 00:54:56
1071,305,67,1,117900,50,4,2026-01-18 04:19:39
1072,305,116,3,7000,50,4,2026-01-20 04:13:35
1073,305,104,1,21900,51,4,2026-02-23 22:26:09
1074,305,33,1,16300,53,4,2026-04-20 10:26:06
1075,305,143,1,2700,57,4,2026-07-31 16:11:29
1076,305,55,1,17900,56,4,2026-06-25 01:13:38
1077,305,157,1,3700,56,4,2026-06-29 02:15:26
1078,306,169,1,51900,92,3,2026-05-25 01:48:52
1079,306,116,3,7000,93,3,2026-07-05 18:54:33
1080,307,83,1,16900,24,2,2026-03-30 17:02:18
1081,307,172,1,33100,27,2,2026-06-04 08:17:53
1082,308,129,1,8800,5,3,2026-07-21 07:51:34
1083,308,63,1,9200,4,3,2026-07-05 09:42:56
1084,308,47,1,133600,3,3,2026-06-09 14:51:09
1085,308,48,1,17200,1,3,2026-04-01 09:44:17
1086,308,195,1,69400,4,3,2026-07-05 05:37:07
1087,308,102,1,24400,4,3,2026-07-02 08:41:05
1088,309,21,5,66900,26,2,2026-05-24 09:54:12
1089,309,173,1,71700,24,2,2026-03-14 07:22:39
1090,309,2,1,30800,23,2,2026-02-11 22:21:43
1091,310,21,1,66900,114,4,2026-05-19 12:55:59
1092,310,59,1,66100,115,4,2026-07-01 09:56:50
1093,311,66,1,5800,103,3,2026-06-07 06:06:43
1094,311,111,1,12800,105,3,2026-08-10 12:52:14
1095,312,1,1,9800,33,2,2026-08-22 10:17:54
1096,312,129,1,8800,31,2,2026-07-05 23:41:57
1097,312,156,1,19100,31,2,2026-07-02 11:17:01
1098,312,198,1,12600,33,2,2026-08-22 22:26:51
1099,312,46,2,5600,31,2,2026-07-03 18:12:23
1100,312,166,1,58200,32,2,2026-08-02 23:58:24
1101,313,54,1,5900,46,2,2026-01-23 16:58:25
1102,313,30,3,3500,53,2,2026-08-20 20:33:32
1103,313,139,1,40000,53,2,2026-08-03 06:03:03
1104,313,29,1,23300,50,2,2026-05-02 11:21:32
1105,314,76,1,15100,63,5,2025-09-27 12:44:38
1106,314,125,3,25800,66,5,2025-12-22 04:45:47
1107,314,79,1,13300,68,5,2026-02-26 19:09:28
1108,314,2,1,30800,71,5,2026-05-19 17:09:31
1109,315,36,1,13100,59,3,2026-04-25 14:27:49
1110,315,174,2,20400,61,3,2026-06-01 04:23:24
1111,316,37,1,1900,30,4,2025-12-23 23:28:18
1112,316,194,1,111100,37,4,2026-07-26 00:49:48
1113,316,68,1,39700,30,4,2025-12-30 06:11:56
1114,316,66,1,5800,25,4,2025-08-09 04:27:55
1115,316,33,1,16300,30,4,2025-12-17 05:19:46
1116,316,175,3,13300,27,4,2025-09-16 05:21:53
1117,316,24,1,14400,31,4,2026-01-29 07:46:05
1118,316,101,3,5900,34,4,2026-05-01 08:15:21
1119,317,34,1,6300,113,4,2026-05-13 12:42:56
1120,317,21,1,66900,112,4,2026-04-25 00:09:03
1121,317,81,3,47300,113,4,2026-05-17 15:41:51
1122,317,61,1,27500,113,4,2026-05-19 03:16:37
1123,317,137,1,14400,113,4,2026-05-25 15:12:17
1124,317,139,1,40000,116,4,2026-08-16 15:40:10
1125,318,33,1,16300,67,4,2025-09-05 11:24:47
1126,318,78,2,25500,74,4,2026-03-29 00:54:31
1127,318,132,2,17400,76,4,2026-05-22 16:09:27
1128,318,33,1,16300,68,4,2025-09-14 00:56:01
1129,318,190,1,9200,73,4,2026-02-22 11:09:50
1130,318,139,1,40000,79,4,2026-08-21 08:38:30
1131,319,18,1,17800,31,3,2026-07-21 19:03:45
1132,319,168,1,23300,28,3,2026-04-22 01:24:01
1133,320,48,1,17200,74,2,2026-05-08 20:47:37
1134,320,39,1,14200,74,2,2026-05-22 23:10:26
1135,320,183,1,32100,76,2,2026-07-06 18:31:44
1136,320,101,1,5900,77,2,2026-08-08 20:37:29
1137,321,135,1,5900,136,2,2026-04-21 16:30:27
1138,321,60,1,4900,139,2,2026-08-07 20:46:21
1139,321,29,1,23300,135,2,2026-03-23 13:54:47
1140,321,74,2,13000,137,2,2026-06-04 14:23:24
1141,322,102,1,24400,55,3,2026-07-25 10:48:41
1142,322,198,1,12600,48,3,2025-12-31 16:29:29
1143,322,200,1,3900,47,3,2025-11-08 07:35:16
1144,323,41,2,2900,15,2,2026-07-29 15:25:52
1145,323,177,1,3900,16,2,2026-08-21 20:54:04
1146,323,36,1,13100,15,2,2026-08-02 12:03:15
1147,323,153,1,23900,15,2,2026-07-26 03:34:43
1148,323,131,1,27700,16,2,2026-08-21 06:22:55
1149,323,88,1,53500,16,2,2026-08-25 08:35:38
1150,324,48,1,17200,63,3,2026-08-07 03:02:51
1151,324,37,1,1900,61,3,2026-05-24 12:48:33
1152,324,191,2,81700,61,3,2026-06-01 22:40:00
1153,325,182,1,4900,8,3,2026-02-03 23:54:09
1154,325,91,2,78900,3,3,2025-09-15 00:14:02
1155,325,119,1,96900,14,3,2026-08-10 13:31:29
1156,325,161,1,12500,10,3,2026-04-22 10:37:15
1157,326,141,1,28700,73,4,2026-06-12 23:53:17
1158,326,12,1,11000,76,4,2026-08-19 15:43:51
1159,326,192,2,4500,74,4,2026-06-29 21:59:11
1160,326,122,1,70500,74,4,2026-07-05 20:44:45
1161,326,165,1,15600,74,4,2026-07-09 20:49:09
1162,326,34,1,6300,74,4,2026-07-17 06:14:20
1163,326,190,2,9200,75,4,2026-08-04 10:41:54
1164,326,70,2,22800,75,4,2026-08-11 12:41:41
1165,327,51,2,42400,22,1,2026-08-04 03:55:19
1166,327,6,1,8900,22,1,2026-08-17 22:07:56
1167,327,172,1,33100,15,1,2026-01-25 03:30:27
1168,328,55,1,17900,25,4,2026-05-30 11:42:02
1169,328,190,1,9200,22,4,2026-03-12 16:46:16
1170,329,36,2,13100,61,2,2026-07-24 02:14:55
1171,329,103,1,36900,60,2,2026-07-02 06:18:08
1172,330,117,1,22000,59,3,2026-08-10 20:59:11
1173,330,14,1,90800,58,3,2026-07-12 10:57:33
1174,330,36,1,13100,53,3,2026-02-08 09:52:53
1175,330,46,2,5600,55,3,2026-03-17 02:39:18
1176,330,89,2,15000,56,3,2026-04-17 23:19:16
1177,330,7,1,9200,56,3,2026-04-21 22:39:37
1178,331,160,1,9700,9,3,2026-03-13 14:58:11
1179,332,95,1,10100,9,3,2025-12-01 08:15:24
1180,332,7,1,9200,12,3,2026-03-05 15:54:45
1181,332,91,1,78900,14,3,2026-05-12 07:20:16
1182,333,121,1,24000,58,4,2026-05-13 16:24:51
1183,333,175,1,13300,58,4,2026-05-24 19:49:14
1184,333,166,2,58200,59,4,2026-06-03 11:58:37
1185,333,95,1,10100,59,4,2026-06-09 14:43:42
1186,333,33,3,16300,59,4,2026-06-14 19:24:29
1187,333,107,3,1700,59,4,2026-06-25 13:36:43
1188,333,25,1,13900,60,4,2026-06-30 00:34:23
1189,333,34,3,6300,60,4,2026-07-18 20:38:53
1190,334,151,1,9700,39,2,2026-04-16 08:55:46
1191,334,112,1,21400,38,2,2026-02-25 20:16:39
1192,334,13,1,107000,39,2,2026-04-17 15:45:18
1193,335,122,1,70500,22,1,2026-08-21 19:26:17
1194,336,80,1,46600,110,3,2026-02-04 14:16:25
1195,336,49,1,27000,111,3,2026-03-19 21:02:16
1196,336,49,2,27000,114,3,2026-06-19 06:30:33
1197,337,52,3,35000,31,4,2026-01-12 01:09:55
1198,337,80,1,46600,33,4,2026-03-15 19:59:13
1199,337,43,1,17200,38,4,2026-08-19 21:52:35
1200,337,122,1,70500,37,4,2026-07-19 07:34:42
1201,338,98,1,9800,143,3,2026-08-08 16:21:25
1202,338,79,1,13300,143,3,2026-08-06 07:44:54
1203,338,8,1,29500,142,3,2026-08-05 10:58:31
1204,339,179,1,1200,115,4,2026-08-12 19:46:23
1205,339,14,3,90800,113,4,2026-06-25 05:05:20
1206,340,157,3,3700,24,2,2026-07-03 03:33:39
1207,340,82,1,22700,23,2,2026-05-31 17:56:11
1208,340,133,1,55200,24,2,2026-06-09 02:17:26
1209,341,16,1,40400,73,2,2026-05-06 04:10:28
1210,341,19,1,26900,68,2,2025-12-17 17:06:22
1211,341,191,2,81700,63,2,2025-07-19 01:18:36
1212,341,82,1,22700,73,2,2026-05-16 18:44:46
1213,341,102,5,24400,74,2,2026-06-23 16:41:03
1214,341,16,1,40400,75,2,2026-07-24 06:54:30
1215,342,150,3,37000,3,2,2026-03-01 18:59:56
1216,342,153,2,23900,7,2,2026-07-08 14:59:24
1217,343,72,1,10000,9,3,2026-07-20 14:13:27
1218,343,160,3,9700,9,3,2026-07-03 18:10:47
1219,343,75,2,47600,9,3,2026-07-07 17:46:16
1220,343,86,2,12200,9,3,2026-07-08 14:57:23
1221,343,91,1,78900,9,3,2026-07-16 09:25:43
1222,343,65,1,43200,9,3,2026-06-29 18:00:08
1223,344,153,3,23900,42,2,2025-12-13 18:04:29
1224,344,53,1,22600,47,2,2026-05-23 12:08:22
1225,345,138,2,11500,72,1,2026-07-05 22:00:51
1226,345,152,1,21200,68,1,2026-02-09 13:34:03
1227,345,119,1,96900,74,1,2026-08-11 04:28:25
1228,346,169,1,51900,12,2,2026-08-02 23:01:59
1229,346,73,1,33200,4,2,2025-11-25 02:36:11
1230,346,130,1,62100,7,2,2026-03-07 22:35:17
1231,347,15,1,3700,41,3,2026-05-10 17:10:46
1232,347,112,1,21400,41,3,2026-06-03 18:55:54
1233,347,149,1,3800,43,3,2026-07-23 18:59:51
1234,347,67,1,117900,44,3,2026-08-04 01:23:18
1235,348,73,1,33200,45,3,2026-08-16 07:17:17
1236,348,164,3,5800,35,3,2025-10-08 00:51:13
1237,348,34,1,6300,43,3,2026-06-12 06:28:12
1238,348,97,1,8000,37,3,2025-12-24 17:57:24
1239,348,160,3,9700,37,3,2025-12-24 16:31:03
1240,348,49,1,27000,39,3,2026-02-17 20:05:10
1241,349,19,1,26900,126,2,2025-12-01 05:32:22
1242,349,24,1,14400,120,2,2025-06-06 21:25:23
1243,349,13,2,107000,121,2,2025-06-20 16:19:17
1244,349,4,1,25200,127,2,2025-12-31 11:05:51
1245,349,34,1,6300,133,2,2026-07-06 09:12:36
1246,349,89,1,15000,128,2,2026-01-19 13:51:19
1247,349,141,1,28700,128,2,2026-02-04 08:47:44
1248,349,178,1,34800,133,2,2026-07-09 06:14:22
1249,350,62,3,26400,125,2,2026-07-25 09:11:51
1250,350,45,1,73800,115,2,2025-10-04 03:18:10
1251,350,150,1,37000,121,2,2026-03-24 13:58:09
1252,351,70,1,22800,24,3,2026-05-31 20:21:32
1253,351,189,3,113400,25,3,2026-07-23 09:05:24
1254,351,93,3,12500,25,3,2026-06-30 07:06:38
1255,351,15,1,3700,21,3,2026-03-21 05:25:08
1256,352,101,2,5900,66,2,2026-08-03 21:29:22
1257,352,28,1,3700,65,2,2026-07-24 23:50:21
1258,352,37,1,1900,65,2,2026-07-28 08:11:26
1259,352,23,1,20400,66,2,2026-08-19 12:22:41
1260,352,149,1,3800,66,2,2026-08-02 19:27:59
1261,352,122,5,70500,66,2,2026-08-13 13:39:58
1262,353,25,2,13900,20,3,2026-07-05 00:31:16
1263,353,19,3,26900,21,3,2026-08-09 08:12:14
1264,353,104,5,21900,21,3,2026-07-20 09:26:21
1265,354,24,1,14400,47,3,2026-05-04 20:29:28
1266,354,183,2,32100,50,3,2026-08-02 00:39:31
1267,354,56,1,34500,46,3,2026-04-07 02:38:44
1268,354,89,1,15000,47,3,2026-05-06 11:29:14
1269,355,69,1,9900,40,2,2026-08-02 05:47:58
1270,355,107,1,1700,41,2,2026-08-13 06:53:12
1271,355,86,1,12200,41,2,2026-08-19 15:48:01
1272,355,81,1,47300,40,2,2026-07-16 03:32:46
1273,356,119,1,96900,83,3,2026-08-22 21:04:44
1274,356,30,1,3500,82,3,2026-07-21 09:26:06
1275,356,175,2,13300,83,3,2026-08-14 19:07:30
1276,356,84,1,29100,82,3,2026-07-20 15:52:09
1277,357,149,1,3800,89,2,2026-07-29 12:15:05
1278,357,100,1,9400,77,2,2025-07-15 14:40:58
1279,358,76,1,15100,112,1,2026-08-16 07:15:14
1280,358,86,3,12200,112,1,2026-08-05 14:13:38
1281,358,11,1,40800,112,1,2026-08-15 11:08:40
1282,358,91,1,78900,112,1,2026-08-02 05:04:45
1283,359,188,2,43300,38,1,2026-01-16 15:28:52
1284,359,10,1,24900,41,1,2026-04-26 19:12:53
1285,359,78,1,25500,45,1,2026-08-08 03:13:16
1286,360,55,1,17900,96,3,2026-08-04 19:59:36
1287,360,178,1,34800,91,3,2026-03-17 09:56:58
1288,361,2,2,30800,13,4,2026-03-26 17:34:53
1289,361,164,2,5800,13,4,2026-03-26 19:35:47
1290,361,195,3,69400,16,4,2026-06-19 11:24:22
1291,361,26,1,7800,17,4,2026-07-02 02:58:22
1292,362,159,2,12200,69,4,2026-01-28 05:32:29
1293,362,35,2,5000,71,4,2026-04-08 06:25:14
1294,362,17,2,48200,74,4,2026-07-08 18:45:08
1295,362,128,1,2800,70,4,2026-03-02 05:28:34
1296,362,167,1,13900,71,4,2026-04-04 07:25:26
1297,362,4,3,25200,70,4,2026-03-16 21:07:02
1298,362,156,1,19100,72,4,2026-05-11 02:10:07
1299,362,90,1,9900,73,4,2026-05-23 14:40:43
1300,363,148,2,6200,127,3,2026-06-14 21:31:43
1301,363,116,1,7000,127,3,2026-06-25 01:37:23
1302,363,142,1,39400,129,3,2026-08-24 10:10:12
1303,363,73,2,33200,129,3,2026-08-13 20:59:48
1304,364,139,3,40000,55,2,2026-08-07 14:56:47
1305,364,11,3,40800,55,2,2026-08-15 11:27:37
1306,364,199,5,14300,55,2,2026-07-20 22:45:58
1307,365,8,1,29500,39,1,2026-07-20 09:49:11
1308,365,52,1,35000,39,1,2026-07-03 11:20:18
1309,366,10,2,24900,11,3,2025-12-25 12:06:57
1310,366,181,1,6900,12,3,2026-01-11 11:59:28
1311,366,183,1,32100,11,3,2025-12-21 17:56:30
1312,367,11,3,40800,94,2,2026-08-08 05:58:35
1313,367,176,1,5200,93,2,2026-07-14 15:29:58
1314,367,6,2,8900,93,2,2026-07-04 09:14:19
1315,368,175,1,13300,123,1,2026-06-27 23:02:27
1316,368,123,1,59100,123,1,2026-07-12 18:06:15
1317,368,190,1,9200,112,1,2025-08-03 17:05:07
1318,368,82,1,22700,124,1,2026-08-05 04:51:07
1319,338,137,1,14400,143,3,2026-08-16 00:02:01
1320,338,102,2,24400,143,3,2026-08-08 19:39:58
1321,338,182,1,4900,143,3,2026-08-22 08:04:36
1322,339,68,2,39700,115,4,2026-08-08 16:14:13
1323,339,160,2,9700,115,4,2026-08-05 05:31:50
1324,339,162,1,11200,114,4,2026-07-28 10:45:18
1325,339,70,5,22800,114,4,2026-07-13 03:58:18
1326,339,166,1,58200,115,4,2026-08-21 07:01:30
1327,339,55,3,17900,114,4,2026-07-31 23:33:39
1328,339,104,2,21900,113,4,2026-06-14 02:39:57
1329,339,117,1,22000,113,4,2026-06-17 17:43:46
1330,340,96,1,14500,23,2,2026-05-21 15:06:39
1331,340,21,1,66900,25,2,2026-08-01 03:29:06
1332,341,99,2,24000,65,2,2025-09-03 01:33:03
1333,341,7,1,9200,66,2,2025-10-08 10:12:20
1334,341,26,1,7800,72,2,2026-04-12 13:33:19
1335,341,68,1,39700,62,2,2025-06-08 01:13:54
1336,342,74,1,13000,3,2,2026-03-02 05:35:41
1337,342,139,1,40000,8,2,2026-08-13 17:57:22
1338,342,105,1,6000,6,2,2026-05-25 05:25:46
1339,342,168,2,23300,4,2,2026-04-01 16:25:09
1340,342,150,1,37000,7,2,2026-07-03 20:39:08
1341,343,192,1,4500,9,3,2026-06-29 17:00:55
1342,343,80,2,46600,10,3,2026-07-30 06:54:05
1343,343,122,3,70500,10,3,2026-07-29 09:23:36
1344,343,156,1,19100,10,3,2026-08-05 20:38:15
1345,344,58,1,35900,43,2,2026-01-19 10:29:43
1346,344,131,1,27700,46,2,2026-04-18 23:44:35
1347,346,81,1,47300,6,2,2026-01-23 14:18:21
1348,346,100,1,9400,5,2,2026-01-09 11:58:41
1349,346,100,1,9400,7,2,2026-03-10 11:01:05
1350,346,128,1,2800,12,2,2026-08-04 06:16:55
1351,347,15,2,3700,43,3,2026-07-21 21:40:30
1352,347,55,2,17900,40,3,2026-04-29 23:31:53
1353,347,31,1,25400,36,3,2025-12-27 15:27:41
1354,347,69,3,9900,35,3,2025-11-17 10:10:51
1355,1,192,1,4500,14,2,2025-12-01 08:50:26
1356,1,22,1,18300,14,2,2025-11-20 18:23:23
1357,1,98,1,9800,18,2,2026-03-28 13:32:15
1358,1,185,2,79100,21,2,2026-06-16 03:59:48
1359,348,42,2,3400,40,3,2026-03-07 12:14:08
1360,348,76,1,15100,41,3,2026-04-27 05:36:11
1361,348,79,1,13300,42,3,2026-05-20 06:12:33
1362,348,108,3,11800,44,3,2026-08-02 05:40:19
1363,350,38,3,4400,112,2,2025-07-12 16:45:42
1364,350,53,1,22600,122,2,2026-04-29 21:35:23
1365,351,51,1,42400,26,3,2026-08-25 10:33:05
1366,351,9,1,7100,21,3,2026-03-21 13:15:44
1367,351,7,1,9200,26,3,2026-08-15 15:51:10
1368,351,39,1,14200,21,3,2026-03-14 07:48:50
1369,351,146,1,7100,24,3,2026-06-15 14:53:42
1370,351,13,1,107000,23,3,2026-05-23 06:26:44
1371,351,177,1,3900,22,3,2026-04-02 03:00:05
1372,352,112,1,21400,65,2,2026-07-27 18:33:27
1373,352,93,1,12500,64,2,2026-06-26 18:55:25
1374,352,195,1,69400,65,2,2026-07-03 19:33:32
1375,352,37,1,1900,66,2,2026-08-19 03:33:55
1376,352,122,1,70500,64,2,2026-07-01 00:21:19
1377,352,185,1,79100,65,2,2026-07-08 15:42:54
1378,352,146,1,7100,65,2,2026-07-21 04:48:26
1379,352,187,1,32400,65,2,2026-07-26 23:30:12
1380,353,69,1,9900,22,3,2026-08-19 00:26:04
1381,354,23,2,20400,44,3,2026-02-16 15:01:04
1382,354,47,1,133600,41,3,2025-11-03 02:34:27
1383,355,108,2,11800,39,2,2026-06-21 18:26:11
1384,355,23,1,20400,40,2,2026-07-27 20:03:36
1385,355,107,1,1700,38,2,2026-06-01 01:15:58
1386,355,190,2,9200,40,2,2026-07-15 14:36:09
1387,355,19,1,26900,38,2,2026-05-31 19:21:23
1388,355,40,1,49000,40,2,2026-07-17 14:46:29
1389,355,187,1,32400,38,2,2026-05-31 00:12:15
1390,355,140,2,14100,39,2,2026-06-10 08:20:13
1391,355,162,1,11200,38,2,2026-06-08 14:32:51
1392,355,75,1,47600,39,2,2026-06-11 10:55:41
1393,356,119,1,96900,83,3,2026-08-04 18:36:34
1394,356,62,1,26400,82,3,2026-07-15 20:29:30
1395,356,92,1,13000,82,3,2026-07-17 10:31:15
1396,356,119,2,96900,83,3,2026-08-05 01:30:35
1397,356,163,1,9900,81,3,2026-06-19 19:29:42
1398,356,164,2,5800,81,3,2026-06-21 11:15:57
1399,356,144,3,5700,82,3,2026-07-17 05:29:24
1400,356,83,1,16900,83,3,2026-08-06 02:17:28
1401,358,111,1,12800,112,1,2026-08-20 11:44:29
1402,358,195,3,69400,112,1,2026-08-11 09:03:10
1403,358,19,1,26900,112,1,2026-07-30 20:00:37
1404,358,160,1,9700,112,1,2026-08-01 05:28:17
1405,358,160,2,9700,112,1,2026-08-07 15:01:14
1406,358,15,1,3700,112,1,2026-08-11 12:07:26
1407,359,128,1,2800,38,1,2026-01-18 22:20:01
1408,359,23,1,20400,40,1,2026-03-22 04:30:07
1409,359,91,1,78900,41,1,2026-05-02 17:40:24
1410,359,24,1,14400,42,1,2026-06-05 17:30:50
1411,361,157,2,3700,12,4,2026-02-20 20:19:09
1412,361,21,1,66900,14,4,2026-04-16 10:18:03
1413,361,81,1,47300,13,4,2026-03-16 10:55:54
1414,361,10,3,24900,14,4,2026-04-24 20:04:22
1415,363,67,3,117900,127,3,2026-06-22 21:36:26
1416,363,190,1,9200,127,3,2026-06-16 07:25:33
1417,363,49,3,27000,128,3,2026-07-10 04:12:05
1418,363,86,5,12200,127,3,2026-06-04 18:09:49
1419,363,48,1,17200,127,3,2026-06-21 12:03:18
1420,363,7,1,9200,128,3,2026-07-13 23:11:55
1421,366,28,1,3700,13,3,2026-02-26 07:36:47
1422,366,27,1,81900,18,3,2026-07-11 13:15:41
1423,366,86,1,12200,13,3,2026-02-25 21:12:58
1424,366,16,1,40400,19,3,2026-07-29 05:06:40
1425,366,190,1,9200,13,3,2026-02-21 15:20:06
1426,366,61,1,27500,19,3,2026-08-08 22:41:04
1427,367,11,1,40800,94,2,2026-07-29 03:29:23
1428,367,139,2,40000,95,2,2026-08-24 22:15:43
1429,367,136,1,6600,92,2,2026-06-15 06:24:15
1430,367,168,1,23300,94,2,2026-08-01 18:20:12
1431,367,177,1,3900,92,2,2026-06-15 16:49:25
1432,367,18,3,17800,93,2,2026-06-26 13:00:45
1433,367,135,1,5900,93,2,2026-06-28 13:02:10
1434,367,62,1,26400,94,2,2026-08-05 22:50:18
1435,367,54,5,5900,95,2,2026-08-20 06:41:51
1436,367,88,1,53500,94,2,2026-07-28 15:03:36
1437,367,177,3,3900,93,2,2026-06-22 10:13:28
1438,368,116,1,7000,112,1,2025-08-20 10:54:52
1439,368,79,2,13300,119,1,2026-03-07 05:08:38
1440,281,41,2,2900,173,2,2026-07-05 15:51:58
1441,322,61,4,27500,50,3,2026-02-14 20:18:47
1442,60,191,1,81700,51,3,2026-04-12 16:47:18
1443,357,78,5,25500,86,2,2026-04-18 18:18:57
1444,116,121,3,24000,63,4,2026-07-19 16:29:45
1445,276,14,1,90800,35,1,2026-07-22 10:05:26
1446,342,168,2,23300,3,2,2026-02-27 16:50:41
1447,245,169,3,51900,142,4,2026-08-14 06:22:27
1448,347,200,1,3900,33,3,2025-09-05 14:33:51
1449,363,89,2,15000,127,3,2026-06-10 19:29:34
1450,210,116,3,7000,20,4,2026-08-18 10:02:11
1451,368,110,1,28600,123,1,2026-07-24 07:09:36
1452,183,72,4,10000,14,4,2026-03-16 23:56:38
1453,251,178,5,34800,107,4,2026-03-14 07:02:45
1454,238,134,4,11200,56,2,2026-08-25 14:56:59
1455,21,175,3,13300,61,3,2026-08-07 11:03:22
1456,165,34,1,6300,15,1,2026-05-23 07:16:38
1457,180,175,3,13300,85,4,2026-01-03 09:08:33
1458,117,192,2,4500,81,2,2026-05-03 16:07:36
1459,78,84,3,29100,47,1,2026-07-26 15:11:06
1460,249,65,2,43200,18,3,2026-08-20 07:55:20
1461,56,139,2,40000,81,2,2026-08-07 19:45:10
1462,207,7,1,9200,86,2,2026-06-29 15:37:12
1463,301,127,5,56600,151,3,2026-05-08 07:05:50
1464,55,79,5,13300,6,3,2026-08-07 05:34:58
1465,317,98,3,9800,110,4,2026-02-21 19:01:16
1466,141,30,3,3500,94,3,2026-08-18 01:05:23
1467,206,192,4,4500,52,2,2026-04-04 09:27:29
1468,237,199,1,14300,28,2,2026-08-14 20:51:57
1469,252,82,5,22700,2,2,2026-05-31 08:22:09
1470,199,81,1,47300,130,1,2026-08-06 02:12:41
1471,153,93,5,12500,52,2,2026-05-09 17:43:56
1472,81,135,4,5900,7,2,2026-01-21 18:55:46
1473,101,122,1,70500,12,3,2025-11-28 20:07:23
1474,208,134,3,11200,96,3,2026-04-15 03:58:03
1475,242,104,3,21900,84,4,2026-08-04 22:58:38
1476,197,20,3,10000,35,5,2024-08-08 01:17:53
1477,236,3,1,42600,102,3,2026-06-15 20:34:45
1478,330,183,2,32100,55,3,2026-04-08 15:16:52
1479,74,177,2,3900,67,2,2026-07-25 13:39:34
1480,196,103,2,36900,86,4,2026-08-11 00:44:01
1481,111,95,2,10100,12,3,2026-07-21 18:01:59
1482,21,178,2,34800,60,3,2026-07-12 20:14:29
1483,6,185,5,79100,86,2,2025-12-08 07:55:37
1484,229,120,2,10600,59,2,2026-07-05 05:05:01
1485,175,49,3,27000,90,2,2026-07-18 04:33:27
1486,146,115,4,35300,21,3,2026-04-28 15:18:55
1487,151,46,1,5600,122,4,2025-12-04 07:54:16
1488,78,36,1,13100,47,1,2026-07-27 15:01:05
1489,58,134,3,11200,13,4,2026-06-29 16:50:01
1490,350,199,2,14300,125,2,2026-07-25 01:10:20
1491,167,106,3,5100,38,1,2026-04-12 12:46:15
1492,259,130,5,62100,82,1,2026-01-13 04:10:41
1493,353,100,3,9400,21,3,2026-08-07 00:42:08
1494,69,166,5,58200,6,2,2026-06-10 21:03:10
1495,32,3,3,42600,11,1,2026-08-18 15:56:33
1496,226,81,2,47300,49,2,2026-08-24 09:19:31
1497,150,52,3,35000,80,2,2026-01-30 20:09:16
1498,138,115,5,35300,124,3,2026-08-11 03:02:04
1499,119,128,3,2800,53,4,2026-04-21 16:23:52
1500,49,101,2,5900,50,3,2025-02-21 16:37:55
1501,242,186,2,27900,85,4,2026-08-25 13:13:34
1502,193,141,3,28700,55,1,2026-08-04 07:57:57
1503,121,161,5,12500,155,2,2026-07-29 13:58:03
1504,219,152,2,21200,106,2,2026-08-14 00:25:14
1505,155,178,4,34800,73,4,2026-04-19 11:04:57
1506,12,67,2,117900,94,1,2026-06-29 15:49:28
1507,71,82,4,22700,66,3,2026-07-06 13:57:25
1508,80,105,3,6000,78,2,2026-08-08 05:12:20
1509,101,69,1,9900,17,3,2026-05-12 08:31:28
1510,71,183,4,32100,62,3,2026-03-09 15:01:10
1511,284,79,3,13300,79,2,2026-07-17 20:10:33
1512,49,14,4,90800,67,3,2026-07-30 15:12:18
1513,118,183,2,32100,126,2,2025-10-29 09:10:03
1514,217,94,5,54000,88,2,2025-11-28 11:31:36
1515,133,8,1,29500,162,4,2026-02-18 05:13:18
1516,340,81,3,47300,24,2,2026-06-28 17:43:35
1517,206,122,5,70500,38,2,2025-01-30 06:14:10
1518,365,155,5,13300,40,1,2026-08-19 14:16:38
1519,193,194,4,111100,54,1,2026-06-28 09:44:57
1520,213,177,4,3900,40,3,2026-07-11 07:05:34
1521,277,132,1,17400,53,2,2026-08-04 09:09:00
1522,314,16,1,40400,71,5,2026-05-15 11:09:30
1523,8,171,5,46800,95,3,2026-08-07 00:35:25
1524,48,72,4,10000,72,2,2026-05-27 11:40:00
1525,315,53,3,22600,60,3,2026-05-12 02:48:42
1526,116,171,4,46800,46,4,2025-02-26 04:31:57
1527,90,121,4,24000,26,1,2026-08-08 23:22:52
1528,248,172,5,33100,22,3,2026-05-10 11:55:21
1529,90,75,4,47600,23,1,2026-05-15 23:48:24
1530,43,124,5,20900,73,3,2026-08-19 13:35:28
1531,19,79,1,13300,108,4,2026-06-07 16:04:15
1532,90,3,5,42600,20,1,2026-02-02 12:01:59
1533,22,174,4,20400,35,2,2026-06-30 17:41:55
1534,39,77,3,4600,73,2,2026-08-17 09:53:51
1535,201,156,2,19100,53,3,2026-07-24 14:17:25
1536,72,16,1,40400,167,2,2026-08-23 09:20:16
1537,326,55,3,17900,74,4,2026-06-21 21:55:27
1538,274,111,2,12800,15,1,2025-12-24 13:41:39
1539,347,111,3,12800,39,3,2026-03-22 10:42:11
1540,50,61,3,27500,47,1,2026-08-10 14:10:56
1541,73,119,2,96900,52,2,2026-08-04 01:33:50
1542,342,7,3,9200,8,2,2026-08-03 08:08:52
1543,13,104,4,21900,20,2,2026-07-13 21:45:43
1544,89,200,3,3900,44,3,2026-07-14 07:05:38
1545,284,50,2,34900,81,2,2026-08-21 00:20:59
1546,61,91,4,78900,54,1,2026-05-08 03:53:55
1547,1,117,3,22000,21,2,2026-06-04 23:02:33
1548,288,99,2,24000,9,3,2025-10-26 12:46:26
1549,174,145,5,20500,22,1,2026-05-20 07:17:15
1550,239,166,4,58200,69,3,2026-08-02 20:15:46
1551,321,18,3,17800,138,2,2026-07-01 08:59:47
1552,92,88,3,53500,41,2,2026-05-13 11:19:17
1553,195,123,3,59100,52,3,2026-08-07 16:07:40
1554,237,62,5,26400,26,2,2026-06-18 20:32:24
1555,288,128,1,2800,18,3,2026-07-24 00:16:23
1556,357,155,3,13300,90,2,2026-08-15 13:04:55
1557,232,156,3,19100,21,4,2026-07-08 15:52:11
1558,50,90,4,9900,43,1,2026-04-01 04:51:23
1559,182,180,4,63700,92,3,2026-06-06 11:15:11
1560,318,127,2,56600,69,4,2025-11-06 08:39:53
1561,45,154,1,28700,12,4,2026-07-02 18:47:34
1562,11,123,2,59100,49,3,2026-06-29 14:20:54
1563,59,59,5,66100,19,1,2026-02-18 14:58:21
1564,178,101,5,5900,88,2,2026-08-15 05:13:41
1565,344,7,2,9200,46,2,2026-03-29 00:55:59
1566,29,16,4,40400,70,4,2026-07-08 17:03:55
1567,98,182,4,4900,89,3,2026-08-20 19:43:36
1568,226,139,1,40000,48,2,2026-08-14 03:27:42
1569,295,41,3,2900,10,1,2026-04-17 17:11:37
1570,355,179,3,1200,40,2,2026-08-04 18:46:46
1571,218,93,1,12500,28,5,2026-03-05 16:44:49
1572,251,22,4,18300,105,4,2026-01-23 14:58:16
1573,325,128,1,2800,8,3,2026-02-27 12:37:26
1574,309,11,2,40800,22,2,2026-01-31 01:53:38
1575,76,175,4,13300,129,2,2024-11-24 11:43:17
1576,236,196,3,24800,102,3,2026-06-12 02:16:27
1577,136,33,2,16300,41,2,2026-06-17 08:48:48
1578,285,185,4,79100,56,4,2026-03-01 04:00:47
1579,272,174,1,20400,12,2,2026-01-05 22:09:06
1580,357,157,5,3700,82,2,2025-12-14 11:47:41
1581,145,90,1,9900,132,3,2025-10-26 00:11:58
1582,63,22,5,18300,15,3,2026-06-16 22:46:34
1583,356,83,2,16900,82,3,2026-07-31 09:42:42
1584,278,64,3,18000,4,3,2026-02-22 19:24:17
1585,214,101,4,5900,15,3,2026-06-21 03:06:16
1586,294,165,4,15600,42,3,2026-06-03 18:48:56
1587,310,198,3,12600,116,4,2026-07-10 10:46:40
1588,226,188,2,43300,48,2,2026-08-13 19:17:00
1589,291,49,4,27000,165,2,2024-10-23 07:40:55
1590,37,181,2,6900,79,2,2026-07-15 19:06:29
1591,358,36,1,13100,111,1,2026-07-26 21:43:04
1592,88,97,1,8000,69,3,2026-06-01 23:25:44
1593,100,183,1,32100,22,1,2026-08-10 09:13:48
1594,17,110,4,28600,159,2,2026-07-05 05:54:26
1595,83,95,4,10100,17,3,2025-09-15 21:20:52
1596,31,79,3,13300,122,2,2025-12-16 18:41:54
1597,354,50,5,34900,40,3,2025-09-24 06:21:04
1598,302,41,5,2900,13,2,2026-08-15 11:02:03
1599,276,56,4,34500,36,1,2026-08-14 22:10:16
1600,78,135,5,5900,48,1,2026-08-18 04:59:26
1601,267,159,4,12200,73,3,2026-01-27 12:36:26
1602,361,42,5,3400,18,4,2026-08-21 05:16:20
1603,147,119,5,96900,60,1,2026-08-06 03:46:39
1604,314,52,5,35000,68,5,2026-02-26 02:40:04
1605,5,24,5,14400,64,3,2025-06-04 13:55:28
1606,277,18,3,17800,50,2,2026-05-25 01:55:46
1607,345,193,3,18700,59,1,2025-05-29 04:34:55
1608,355,134,2,11200,40,2,2026-07-16 05:42:54
1609,63,93,1,12500,16,3,2026-07-15 14:46:26
1610,241,105,5,6000,136,3,2026-06-19 05:15:19
1611,106,76,1,15100,9,1,2026-02-11 08:06:11
1612,364,60,2,4900,54,2,2026-06-27 10:41:41
1613,84,32,1,4200,105,4,2026-06-04 16:47:46
1614,336,169,4,51900,114,3,2026-06-02 07:07:24
1615,359,146,5,7100,35,1,2025-10-07 06:20:45
1616,325,133,1,55200,11,3,2026-05-09 14:22:56
1617,64,51,2,42400,6,4,2026-07-29 16:08:52
1618,220,50,4,34900,85,3,2026-06-15 07:46:57
1619,248,84,3,29100,23,3,2026-06-16 06:06:15
1620,99,181,2,6900,16,3,2026-06-25 02:21:30
1621,103,73,2,33200,36,3,2026-05-28 14:43:04
1622,361,149,1,3800,13,4,2026-03-28 05:25:09
1623,41,85,3,9000,89,2,2024-07-01 18:59:14
1624,5,115,2,35300,77,3,2026-06-29 09:47:07
1625,211,12,3,11000,70,2,2026-08-25 08:01:00
1626,348,119,1,96900,45,3,2026-08-23 19:08:14
1627,343,102,4,24400,9,3,2026-07-07 22:13:07
1628,78,58,1,35900,48,1,2026-08-25 01:53:07
1629,134,33,1,16300,69,2,2025-07-16 01:39:17
1630,7,79,2,13300,43,3,2026-03-16 11:37:21
1631,100,73,2,33200,21,1,2026-07-12 05:18:52
1632,156,46,4,5600,16,1,2026-07-13 14:11:12
1633,73,131,4,27700,51,2,2026-07-11 13:12:21
1634,189,145,1,20500,22,4,2026-01-06 11:29:18
1635,296,28,1,3700,26,3,2026-05-07 08:45:20
1636,361,192,2,4500,14,4,2026-04-25 19:49:37
1637,172,22,3,18300,44,3,2026-07-08 07:49:35
1638,349,35,4,5000,124,2,2025-09-18 14:29:50
1639,134,104,3,21900,74,2,2025-12-13 05:10:09
1640,138,104,4,21900,124,3,2026-08-08 04:06:11
1641,152,3,3,42600,29,4,2026-08-23 10:18:52
1642,224,75,5,47600,27,2,2026-07-31 22:07:44
1643,336,140,4,14100,116,3,2026-08-03 14:58:22
1644,244,27,5,81900,11,4,2025-12-20 01:30:20
1645,26,64,2,18000,41,3,2026-05-01 16:06:05
1646,361,129,4,8800,18,4,2026-08-19 22:16:46
1647,21,148,2,6200,60,3,2026-07-29 10:53:26
1648,41,138,4,11500,110,2,2026-04-11 13:51:43
1649,73,51,1,42400,52,2,2026-08-19 12:23:08
1650,287,197,1,13600,83,3,2025-06-21 23:29:16
1651,291,7,4,9200,170,2,2025-02-27 22:10:26
1652,360,7,4,9200,77,3,2025-01-14 06:27:10
1653,178,31,4,25400,88,2,2026-08-14 13:23:41
1654,27,156,4,19100,30,2,2026-08-23 23:28:03
1655,324,15,1,3700,63,3,2026-08-19 10:29:22
1656,68,41,5,2900,50,1,2026-02-12 02:04:58
1657,150,3,1,42600,86,2,2026-07-25 22:50:37
1658,170,59,1,66100,58,4,2026-07-20 06:01:03
1659,93,64,4,18000,25,2,2026-07-11 20:06:23
1660,259,12,4,11000,89,1,2026-08-20 02:28:02
1661,62,148,3,6200,43,2,2026-06-19 05:19:10
1662,196,95,1,10100,86,4,2026-08-13 21:07:32
1663,311,73,1,33200,98,3,2025-12-30 10:27:38
1664,314,56,4,34500,65,5,2025-11-16 06:03:32
1665,343,50,1,34900,10,3,2026-08-10 08:03:49
1666,116,93,1,12500,63,4,2026-07-20 05:36:20
1667,146,63,3,9200,21,3,2026-05-08 05:22:19
1668,231,16,2,40400,24,1,2026-08-24 00:58:59
1669,358,129,5,8800,112,1,2026-08-04 16:46:48
1670,274,82,3,22700,20,1,2026-05-15 13:41:04
1671,335,116,1,7000,22,1,2026-08-23 09:03:51
1672,367,188,4,43300,94,2,2026-08-06 06:43:09
1673,54,68,2,39700,124,4,2026-06-29 14:01:52
1674,132,103,1,36900,75,4,2026-07-03 07:32:46
1675,8,76,2,15100,93,3,2026-06-24 06:12:19
1676,13,86,3,12200,19,2,2026-06-26 07:31:46
1677,43,48,4,17200,68,3,2026-03-26 04:19:51
1678,105,41,3,2900,152,1,2025-12-19 05:22:20
1679,207,129,4,8800,86,2,2026-07-04 11:55:58
1680,93,90,1,9900,21,2,2026-03-09 11:26:21
1681,40,166,2,58200,8,1,2024-02-13 12:33:41
1682,297,29,2,23300,5,1,2026-04-06 05:28:23
1683,66,14,1,90800,164,2,2026-06-14 04:47:03
1684,115,197,2,13600,105,2,2025-08-10 02:15:34
1685,232,171,5,46800,19,4,2026-05-13 03:42:46
1686,167,65,5,43200,33,1,2025-11-19 15:46:52
1687,55,110,4,28600,5,3,2026-07-17 13:31:48
1688,319,175,2,13300,28,3,2026-04-21 10:01:15
1689,331,133,5,55200,10,3,2026-04-18 13:48:09
1690,323,54,5,5900,15,2,2026-08-06 02:27:41
1691,313,175,5,13300,50,2,2026-05-08 23:55:49
1692,113,145,3,20500,59,3,2026-06-06 07:12:16
1693,293,140,1,14100,58,4,2026-03-31 08:32:42
1694,98,129,4,8800,88,3,2026-08-07 13:34:13
1695,292,194,3,111100,17,3,2026-04-26 12:48:31
1696,38,177,2,3900,4,1,2026-06-28 15:31:52
1697,85,115,4,35300,117,4,2026-07-25 04:33:30
1698,160,134,1,11200,15,1,2026-03-20 17:58:35
1699,132,142,5,39400,73,4,2026-05-10 06:25:19
1700,247,104,1,21900,13,3,2026-07-19 05:13:51
1701,3,69,4,9900,28,1,2026-03-17 01:05:37
1702,135,29,5,23300,126,2,2026-03-20 00:27:55
1703,225,164,1,5800,121,3,2026-08-09 07:27:42
1704,268,16,4,40400,83,2,2026-08-17 01:03:58
1705,41,138,2,11500,109,2,2026-03-08 03:35:40
1706,31,135,1,5900,128,2,2026-06-17 23:24:35
1707,365,134,5,11200,40,1,2026-08-02 16:55:54
1708,303,122,3,70500,20,2,2026-03-12 20:22:08
1709,109,97,4,8000,37,3,2026-04-21 06:32:13
1710,37,134,2,11200,78,2,2026-06-29 23:26:10
1711,260,133,2,55200,30,4,2024-02-12 08:25:25
1712,31,88,3,53500,121,2,2025-11-07 21:36:28
1713,118,145,3,20500,135,2,2026-08-03 11:11:11
1714,63,180,1,63700,15,3,2026-06-17 09:22:44
1715,68,164,1,5800,56,1,2026-08-03 19:51:00
1716,185,101,4,5900,3,3,2026-01-08 02:35:21
1717,5,78,5,25500,76,3,2026-05-31 04:09:27
1718,318,32,2,4200,70,4,2025-11-12 18:24:59
1719,150,181,4,6900,80,2,2026-01-29 01:10:22
1720,348,159,5,12200,28,3,2025-04-02 05:45:01
1721,355,110,4,28600,40,2,2026-07-19 19:44:40
1722,336,23,1,20400,113,3,2026-05-11 14:06:51
1723,101,61,4,27500,17,3,2026-05-06 23:49:27
1724,195,115,2,35300,52,3,2026-08-14 06:57:52
1725,298,175,2,13300,59,4,2025-12-28 17:32:37
1726,257,7,5,9200,46,3,2026-04-16 19:38:18
1727,211,117,3,22000,70,2,2026-08-23 14:31:49
1728,215,16,2,40400,117,2,2026-08-18 22:44:33
1729,355,161,2,12500,40,2,2026-07-10 18:07:26
1730,2,51,1,42400,13,3,2026-08-15 10:33:33
1731,102,12,5,11000,81,4,2026-08-18 18:44:41
1732,282,170,2,4100,51,1,2026-07-19 02:30:28
1733,296,28,4,3700,21,3,2025-11-28 09:39:23
1734,89,34,4,6300,43,3,2026-06-23 17:54:43
1735,92,62,5,26400,41,2,2026-05-15 10:09:31
1736,116,119,2,96900,63,4,2026-07-29 07:11:11
1737,362,3,1,42600,71,4,2026-03-23 17:40:05
1738,331,43,1,17200,14,3,2026-08-14 11:31:48
1739,19,132,5,17400,110,4,2026-08-12 10:39:49
1740,167,79,5,13300,31,1,2025-09-17 10:18:04
1741,262,110,4,28600,23,2,2026-07-05 14:12:14
1742,13,111,2,12800,19,2,2026-06-14 05:10:07
1743,231,90,4,9900,23,1,2026-07-28 11:32:24
1744,210,46,2,5600,14,4,2026-01-25 05:18:55
1745,248,84,5,29100,22,3,2026-05-29 05:05:47
1746,326,122,2,70500,74,4,2026-07-11 19:52:02
1747,154,42,2,3400,17,3,2026-08-16 17:25:25
1748,160,43,4,17200,20,1,2026-08-17 13:41:41
1749,167,142,1,39400,31,1,2025-09-15 09:04:05
1750,180,154,2,28700,72,4,2024-11-23 23:13:00
1751,93,82,5,22700,25,2,2026-07-07 23:16:39
1752,11,145,3,20500,49,3,2026-07-16 17:49:43
1753,30,74,3,13000,46,2,2026-06-22 11:20:30
1754,89,24,3,14400,43,3,2026-06-01 04:45:45
1755,201,169,2,51900,53,3,2026-08-03 10:58:23
1756,283,79,3,13300,46,3,2026-03-16 04:41:20
1757,112,134,1,11200,59,3,2026-08-09 00:16:48
1758,110,135,2,5900,11,3,2026-08-20 01:41:19
1759,206,5,1,29100,54,2,2026-06-14 10:05:48
1760,283,103,4,36900,48,3,2026-06-07 10:53:48
1761,190,165,5,15600,51,3,2026-08-16 13:04:25
1762,178,82,1,22700,88,2,2026-08-11 16:46:10
1763,11,17,5,48200,48,3,2026-05-20 01:04:57
1764,155,22,4,18300,72,4,2026-03-20 21:59:09
1765,121,122,4,70500,153,2,2026-05-22 18:21:39
1766,124,36,4,13100,49,3,2025-09-10 01:53:20
1767,206,106,4,5100,42,2,2025-05-29 14:48:58
1768,94,7,1,9200,68,3,2026-07-30 20:45:48
1769,218,5,3,29100,27,5,2026-02-13 05:53:19
1770,49,106,2,5100,59,3,2025-11-25 13:08:44
1771,119,68,4,39700,56,4,2026-07-12 18:47:31
1772,146,134,2,11200,20,3,2026-04-09 07:34:03
1773,330,46,5,5600,55,3,2026-03-18 14:00:29
1774,237,153,1,23900,26,2,2026-06-07 20:18:04
1775,344,152,5,21200,42,2,2025-12-13 00:43:00
1776,16,196,5,24800,75,3,2026-06-25 18:44:55
1777,360,56,2,34500,95,3,2026-07-13 00:41:38
1778,348,133,2,55200,40,3,2026-03-28 13:26:55
1779,290,117,2,22000,27,4,2026-06-01 16:06:56
1780,96,181,1,6900,135,3,2026-05-23 14:52:31
1781,74,199,1,14300,67,2,2026-08-22 12:08:32
1782,84,115,5,35300,106,4,2026-06-22 21:50:34
1783,283,129,4,8800,50,3,2026-07-28 09:29:18
1784,20,28,3,3700,12,4,2026-08-23 13:07:50
1785,127,170,3,4100,23,3,2026-06-29 01:14:07
1786,250,28,4,3700,7,3,2025-07-10 17:27:10
1787,346,129,3,8800,11,2,2026-07-15 01:43:24
1788,341,68,3,39700,74,2,2026-06-19 17:32:11
1789,314,70,4,22800,69,5,2026-04-06 15:27:54
1790,352,171,2,46800,64,2,2026-06-30 14:27:09
1791,40,191,2,81700,12,1,2024-07-08 07:33:17
1792,294,14,4,90800,40,3,2026-03-15 09:09:06
1793,61,89,2,15000,53,1,2026-04-20 10:53:59
1794,63,183,3,32100,15,3,2026-07-02 22:35:28
1795,314,4,2,25200,62,5,2025-08-25 15:21:20
1796,298,19,4,26900,61,4,2026-03-04 02:00:30
1797,134,86,3,12200,75,2,2026-01-05 11:57:35
1798,49,4,3,25200,58,3,2025-11-04 03:28:36
1799,2,41,1,2900,8,3,2026-03-18 09:28:54
1800,186,159,5,12200,95,3,2026-07-08 00:10:12
1801,5,49,1,27000,78,3,2026-08-05 03:33:00
1802,129,23,3,20400,71,3,2025-12-03 06:27:05
1803,342,79,2,13300,8,2,2026-08-04 01:54:48
1804,297,74,4,13000,6,1,2026-04-15 17:22:20
1805,241,120,1,10600,136,3,2026-06-23 19:22:13
1806,184,19,2,26900,115,3,2026-05-09 10:40:50
1807,91,38,2,4400,18,1,2026-05-25 23:10:14
1808,37,10,5,24900,59,2,2024-11-09 19:40:08
1809,44,18,2,17800,19,2,2026-07-10 13:54:24
1810,172,151,2,9700,44,3,2026-07-07 08:44:59
1811,232,51,2,42400,22,4,2026-07-27 01:19:08
1812,269,61,2,27500,47,3,2025-12-16 17:55:27
1813,1,106,4,5100,16,2,2026-01-04 06:55:27
1814,134,188,2,43300,76,2,2026-02-18 06:49:37
1815,108,74,1,13000,37,2,2026-06-09 07:09:20
1816,153,133,3,55200,44,2,2025-10-03 00:54:47
1817,364,175,2,13300,54,2,2026-07-08 22:10:39
1818,308,81,2,47300,2,3,2026-04-16 17:04:58
1819,100,102,2,24400,22,1,2026-07-21 22:25:06
1820,262,148,4,6200,23,2,2026-06-26 03:31:09
1821,191,172,1,33100,9,2,2026-08-13 09:11:03
1822,303,156,1,19100,23,2,2026-06-02 01:25:48
1823,351,79,1,13300,25,3,2026-07-01 05:11:25
1824,127,175,3,13300,24,3,2026-07-20 19:52:57
1825,111,185,2,79100,9,3,2026-04-14 18:48:10
1826,22,60,1,4900,25,2,2025-09-24 05:44:55
1827,250,191,1,81700,16,3,2026-03-29 15:30:51
1828,271,148,2,6200,42,1,2026-04-13 03:42:48
1829,244,49,5,27000,17,4,2026-07-12 11:22:23
1830,234,134,3,11200,46,4,2026-04-03 13:44:30
1831,366,16,5,40400,18,3,2026-07-27 15:30:53
1832,264,175,2,13300,19,4,2026-05-18 13:30:53
1833,217,116,2,7000,87,2,2025-11-23 08:33:23
1834,160,134,3,11200,15,1,2026-03-11 04:43:18
1835,22,58,5,35900,32,2,2026-04-11 15:52:12
1836,24,191,4,81700,104,4,2026-03-20 17:31:13
1837,135,132,5,17400,128,2,2026-05-07 12:09:39
1838,43,37,5,1900,71,3,2026-07-06 19:37:28
1839,158,130,4,62100,57,1,2024-12-27 07:52:17
1840,60,15,2,3700,51,3,2026-03-29 04:38:49
1841,29,70,1,22800,68,4,2026-05-06 04:03:01
1842,261,182,3,4900,26,3,2025-09-02 12:51:47
1843,133,91,5,78900,152,4,2025-04-26 18:36:36
1844,242,68,2,39700,85,4,2026-08-15 21:01:09
1845,206,159,2,12200,39,2,2025-03-06 02:06:39
1846,226,133,3,55200,49,2,2026-08-20 08:22:01
1847,96,182,1,4900,133,3,2026-04-05 14:12:52
1848,194,175,3,13300,34,4,2026-05-08 02:38:27
1849,142,133,4,55200,32,4,2026-07-24 01:24:37
1850,365,28,1,3700,37,1,2026-05-26 11:10:54
1851,248,62,5,26400,22,3,2026-05-16 01:21:39
1852,350,158,4,24300,116,2,2025-10-23 05:56:12
1853,218,139,1,40000,33,5,2026-08-04 18:55:28
1854,253,196,2,24800,88,4,2025-08-30 09:11:11
1855,149,161,5,12500,125,4,2026-06-20 17:29:18
1856,180,11,4,40800,90,4,2026-05-28 20:21:05
1857,182,20,3,10000,91,3,2026-05-04 05:25:45
1858,157,192,3,4500,30,4,2026-07-24 12:22:47
1859,164,17,5,48200,66,3,2026-07-15 10:47:38
1860,9,23,4,20400,40,2,2026-05-29 09:30:44
1861,231,35,2,5000,21,1,2026-06-06 12:04:11
1862,97,127,4,56600,73,4,2026-08-01 18:42:01
1863,89,75,1,47600,44,3,2026-07-16 17:00:30
1864,102,133,4,55200,55,4,2024-06-28 12:09:22
1865,143,101,3,5900,2,2,2026-06-13 20:37:18
1866,37,143,3,2700,80,2,2026-08-22 00:28:29
1867,33,50,4,34900,70,3,2025-08-20 20:31:10
1868,282,62,3,26400,47,1,2026-03-06 13:19:30
1869,328,151,4,9700,12,4,2025-04-23 03:01:11
1870,63,59,1,66100,16,3,2026-07-13 21:25:19
1871,343,103,2,36900,9,3,2026-07-10 07:36:25
1872,360,121,2,24000,93,3,2026-05-02 00:42:21
1873,30,168,2,23300,38,2,2025-10-24 16:29:04
1874,275,66,4,5800,84,3,2025-12-07 03:22:50
1875,253,52,4,35000,86,4,2025-07-09 15:56:21
1876,63,55,5,17900,15,3,2026-07-03 04:19:12
1877,254,52,4,35000,45,4,2025-10-08 06:30:27
1878,112,42,1,3400,58,3,2026-07-22 21:30:38
1879,317,97,2,8000,114,4,2026-06-25 09:41:56
1880,260,101,5,5900,47,4,2025-07-10 18:30:15
1881,77,57,2,48700,142,2,2026-07-30 22:33:27
1882,98,98,4,9800,89,3,2026-08-20 02:52:17
1883,362,7,3,9200,75,4,2026-08-10 09:05:49
1884,195,175,3,13300,49,3,2026-05-06 13:09:25
1885,86,182,4,4900,1,3,2025-09-17 13:58:24
1886,293,129,3,8800,61,4,2026-07-07 01:19:03
1887,67,175,2,13300,2,1,2026-07-13 22:37:59
1888,145,115,1,35300,141,3,2026-08-08 01:35:17
1889,177,66,4,5800,108,4,2026-01-26 01:11:11
1890,55,1,4,9800,5,3,2026-07-10 12:25:39
1891,162,64,4,18000,91,3,2025-12-27 21:25:21
1892,110,92,4,13000,11,3,2026-08-09 07:31:32
1893,287,51,4,42400,96,3,2026-07-28 19:39:03
1894,268,20,4,10000,83,2,2026-08-11 12:00:03
1895,245,3,5,42600,135,4,2026-01-10 09:29:37
1896,334,179,5,1200,41,2,2026-06-17 05:20:27
1897,105,74,5,13000,159,1,2026-06-24 17:18:28
1898,131,12,1,11000,153,4,2026-08-19 07:11:29
1899,18,194,4,111100,80,3,2026-08-11 09:36:51
1900,116,194,5,111100,64,4,2026-08-22 22:27:16
1901,22,188,5,43300,34,2,2026-06-22 02:16:00
1902,95,86,3,12200,20,4,2025-12-22 05:46:22
1903,38,79,4,13300,4,1,2026-06-26 22:08:16
1904,174,31,4,25400,21,1,2026-04-22 03:41:18
1905,23,84,4,29100,45,2,2026-01-16 23:58:38
1906,300,73,5,33200,3,4,2026-07-06 06:03:01
1907,57,189,5,113400,84,3,2026-06-10 05:02:07
1908,64,105,5,6000,5,4,2026-07-03 12:58:44
1909,75,61,2,27500,35,4,2025-05-28 03:57:52
1910,135,188,2,43300,124,2,2026-01-28 23:05:14
1911,303,197,2,13600,18,2,2026-01-03 03:18:29
1912,326,159,2,12200,69,4,2026-01-19 15:45:33
1913,21,5,2,29100,61,3,2026-08-19 02:54:40
1914,312,183,2,32100,31,2,2026-07-13 07:04:35
1915,162,89,1,15000,86,3,2025-08-17 01:14:50
1916,362,28,3,3700,75,4,2026-08-06 06:51:48
1917,341,72,3,10000,73,2,2026-05-05 03:23:29
1918,60,171,4,46800,46,3,2025-11-11 19:19:35
1919,273,166,3,58200,21,4,2026-06-10 19:13:52
1920,153,183,4,32100,47,2,2025-12-21 17:02:41
1921,103,179,5,1200,38,3,2026-08-13 14:57:17
1922,193,183,1,32100,54,1,2026-07-19 08:14:33
1923,149,59,2,66100,121,4,2026-03-11 19:41:25
1924,39,36,1,13100,63,2,2025-11-01 08:01:34
1925,61,181,3,6900,50,1,2026-01-27 16:08:22
1926,141,175,4,13300,92,3,2026-06-12 14:59:43
1927,134,49,4,27000,81,2,2026-07-22 11:27:57
1928,363,1,5,9800,127,3,2026-05-31 15:25:19
1929,274,73,1,33200,18,1,2026-03-21 11:45:48
1930,324,128,1,2800,61,3,2026-06-04 11:01:53
1931,365,94,2,54000,38,1,2026-06-09 17:16:14
1932,128,116,5,7000,46,5,2026-01-01 03:00:02
1933,22,92,2,13000,15,2,2024-11-25 00:04:02
1934,83,24,3,14400,26,3,2026-07-01 19:34:31
1935,367,174,3,20400,93,2,2026-07-12 13:31:56
1936,77,120,3,10600,140,2,2026-06-22 02:40:47
1937,83,78,1,25500,9,3,2025-01-27 01:36:54
1938,322,197,5,13600,44,3,2025-08-14 04:35:56
1939,355,69,2,9900,41,2,2026-08-11 17:19:14
1940,201,89,5,15000,51,3,2026-05-31 12:17:18
1941,124,188,1,43300,60,3,2026-08-13 19:05:06
1942,55,20,3,10000,6,3,2026-08-16 19:14:44
1943,250,141,5,28700,11,3,2025-10-22 18:31:13
1944,50,197,4,13600,44,1,2026-05-12 10:42:39
1945,35,164,3,5800,15,3,2026-08-07 15:40:01
1946,66,7,5,9200,164,2,2026-06-16 06:11:48
1947,74,136,1,6600,64,2,2026-05-16 16:12:28
1948,62,4,2,25200,42,2,2026-05-12 01:10:26
1949,126,176,5,5200,71,2,2026-07-23 12:23:07
1950,181,133,4,55200,29,1,2025-08-12 21:47:40
1951,199,119,3,96900,130,1,2026-08-06 10:41:52
1952,320,118,3,26200,71,2,2026-02-14 22:48:37
1953,327,41,5,2900,12,1,2025-10-11 03:30:03
1954,209,65,5,43200,66,1,2026-04-11 20:20:56
1955,188,42,4,3400,67,3,2026-06-01 21:44:22
1956,65,185,5,79100,98,1,2026-06-14 06:08:07
1957,198,132,1,17400,112,1,2026-06-17 01:31:18
1958,320,165,1,15600,75,2,2026-06-16 10:57:32
1959,200,192,5,4500,105,1,2026-03-14 23:13:56
1960,131,187,2,32400,148,4,2026-03-15 14:06:25
1961,2,11,5,40800,12,3,2026-07-09 22:20:37
1962,95,175,5,13300,15,4,2025-07-11 20:21:48
1963,208,141,2,28700,87,3,2025-07-12 18:45:24
1964,94,119,1,96900,68,3,2026-08-22 11:29:53
1965,340,16,3,40400,24,2,2026-06-06 14:58:08
1966,325,189,4,113400,13,3,2026-07-31 10:03:48
1967,185,169,5,51900,3,3,2026-01-09 03:59:02
1968,98,96,3,14500,88,3,2026-08-04 07:31:05
1969,129,111,4,12800,77,3,2026-05-21 11:44:13
1970,86,35,1,5000,11,3,2026-07-21 02:19:12
1971,344,85,1,9000,41,2,2025-11-17 12:39:25
1972,254,180,2,63700,49,4,2026-02-11 06:03:05
1973,358,123,4,59100,112,1,2026-08-11 21:14:42
1974,256,68,5,39700,85,2,2026-06-28 21:16:21
1975,33,20,5,10000,67,3,2025-06-01 13:58:30
1976,74,172,1,33100,67,2,2026-08-15 06:50:09
1977,131,151,3,9700,150,4,2026-05-07 22:50:14
1978,138,75,3,47600,124,3,2026-08-18 01:29:15
1979,80,51,1,42400,78,2,2026-08-04 11:01:47
1980,321,138,4,11500,139,2,2026-07-20 01:19:34
1981,224,22,1,18300,23,2,2026-04-02 14:21:18
1982,138,56,3,34500,124,3,2026-08-07 23:28:09
1983,171,46,4,5600,14,2,2025-12-19 16:15:06
1984,101,194,3,111100,19,3,2026-07-12 15:34:20
1985,118,113,2,11200,128,2,2026-01-08 09:58:43
1986,258,104,5,21900,31,4,2026-05-22 23:25:35
1987,125,66,1,5800,87,1,2026-01-16 17:21:22
1988,80,38,4,4400,66,2,2025-07-30 02:27:08
1989,307,41,4,2900,28,2,2026-07-12 10:10:42
1990,33,73,2,33200,76,3,2026-02-27 09:39:23
1991,149,94,5,54000,119,4,2026-01-02 15:35:51
1992,152,28,4,3700,29,4,2026-08-21 09:35:41
1993,249,169,4,51900,18,3,2026-08-06 18:18:55
1994,355,143,5,2700,41,2,2026-08-16 11:26:49
1995,211,178,1,34800,70,2,2026-08-02 07:51:40
1996,26,104,3,21900,32,3,2025-07-28 07:25:31
1997,284,15,1,3700,80,2,2026-07-19 13:13:01
1998,125,162,3,11200,92,1,2026-06-21 12:49:45
1999,216,119,4,96900,62,2,2026-08-04 06:48:27
2000,103,129,2,8800,38,3,2026-07-25 04:27:00
2001,315,135,4,5900,60,3,2026-05-23 22:20:30
2002,117,169,3,51900,79,2,2026-03-10 06:54:28
2003,150,61,3,27500,84,2,2026-05-30 08:17:55
2004,101,34,1,6300,17,3,2026-05-08 14:49:44
2005,37,106,2,5100,63,2,2025-03-17 02:34:01
2006,326,117,3,22000,75,4,2026-08-17 01:37:06
2007,92,119,2,96900,44,2,2026-08-21 22:02:36
2008,335,121,4,24000,22,1,2026-08-15 11:07:55
2009,110,44,2,7300,10,3,2026-07-09 12:24:49
2010,82,141,2,28700,35,3,2026-05-12 18:21:57
2011,274,129,4,8800,22,1,2026-08-02 22:49:56
2012,276,154,5,28700,36,1,2026-08-17 22:39:34
2013,153,154,1,28700,49,2,2026-02-18 02:44:42
2014,316,76,5,15100,38,4,2026-08-15 07:08:03
2015,84,114,2,11900,107,4,2026-07-20 17:06:23
2016,11,73,1,33200,51,3,2026-08-24 05:07:58
2017,290,195,5,69400,27,4,2026-06-07 21:25:34
2018,192,54,3,5900,33,1,2025-04-17 17:35:43
2019,365,93,5,12500,39,1,2026-07-15 07:43:50
2020,162,100,5,9400,87,3,2025-08-29 06:56:47
2021,110,83,4,16900,10,3,2026-07-11 00:27:02
2022,190,69,2,9900,51,3,2026-08-14 02:31:09
2023,272,60,1,4900,19,2,2026-07-31 12:16:15
2024,165,115,3,35300,15,1,2026-05-13 05:14:04
2025,222,37,2,1900,18,2,2026-08-17 22:40:05
2026,211,24,1,14400,69,2,2026-07-21 07:56:55
2027,349,19,2,26900,130,2,2026-03-24 10:48:02
2028,258,68,5,39700,21,4,2025-08-10 02:27:25
2029,136,140,2,14100,38,2,2026-03-30 18:28:06
2030,341,154,3,28700,69,2,2025-12-27 07:13:34
2031,161,146,4,7100,122,1,2026-04-25 05:37:20
2032,345,177,2,3900,67,1,2026-01-13 03:23:20
2033,341,113,3,11200,64,2,2025-08-08 19:29:33
2034,350,87,5,27000,124,2,2026-07-01 02:33:22
2035,15,150,5,37000,140,2,2026-06-21 13:28:49
2036,211,55,1,17900,68,2,2026-06-02 21:29:29
2037,61,103,1,36900,47,1,2025-10-27 03:42:32
2038,304,58,3,35900,17,2,2026-03-11 04:20:41
2039,131,142,3,39400,150,4,2026-05-31 19:09:31
