user_id,auth_provider,auth_uid,email,name,phone,region,last_login_at,withdrawn_at,created_at,updated_at
1,local,982795519cd9,user32515@naver.com,이준서,010-3908-4317,서울,2026-01-13 18:01:41,,2025-01-18 01:31:30,2026-03-22 06:48:48
2,local,5bdc8c64620f,user62100@naver.com,정준서,010-6884-6429,대전,2026-06-29 01:53:34,,2025-01-11 04:51:03,2026-08-08 06:08:07
3,local,5e23b2407a9b,user49185@kakao.com,신지훈,010-6644-7137,경북,2025-08-11 04:48:47,,2025-02-16 09:19:56,2026-01-01 06:26:42
4,google,c1796ef9e8fd,user46215@gmail.com,권가온,010-3854-9083,경기,2026-07-06 10:48:15,,2025-05-12 08:17:15,2026-08-08 22:27:52
5,local,57782e0bff7e,user62846@kakao.com,이주원,010-8265-8631,전북,2026-06-20 16:26:47,,2026-05-04 18:01:28,2026-07-07 05:35:22
6,google,747882a35d47,user97075@naver.com,신민환,010-1242-7276,전남,2026-07-14 09:26:13,,2023-07-10 17:41:38,2026-08-16 23:22:30
7,local,b140cc326b2a,user63882@kakao.com,오민서,010-7491-5507,경기,2026-06-24 15:33:40,,2025-11-01 12:33:08,2026-07-06 17:53:00
8,local,690713fc98db,user82461@gmail.com,황예린,010-5227-3459,전남,2026-08-09 17:53:17,,2024-11-06 15:09:52,2026-08-25 08:38:20
9,local,0f8b20f306a8,user12992@naver.com,장준서,010-2106-3319,충남,2026-06-24 21:14:12,,2025-01-19 03:52:20,2026-07-07 22:30:32
10,google,c5368b878cfc,user81224@kakao.com,오하은,010-4189-8270,울산,2025-11-22 08:55:55,,2025-11-18 16:44:16,2026-07-14 19:12:12
11,local,aa94af4c8f7a,user66257@gmail.com,류유진,010-6005-8244,경북,2026-07-15 10:50:31,,2026-03-09 01:46:01,2026-07-17 04:20:16
12,local,9388b1eb377a,user10698@naver.com,이지아,010-9635-2542,대구,,,2024-05-24 02:58:17,2024-12-22 11:50:39
13,local,eba874f92059,user83421@daum.net,조동현,010-2433-1016,서울,2026-08-05 22:34:32,,2026-03-08 04:23:14,2026-08-08 22:07:31
14,google,bc1e14fcae7d,user28163@naver.com,안동현,010-6648-9754,광주,2026-07-15 01:52:10,,2025-07-16 05:24:29,2026-08-11 13:25:57
15,local,a7a7cce3a76d,user95164@kakao.com,안도윤,010-6939-2379,경기,2026-05-30 19:28:32,2026-07-05 03:51:40,2023-01-30 16:24:06,2026-08-25 14:01:12
16,local,d34be9e1a0c7,user79184@daum.net,한하은,010-2049-5868,서울,2024-04-26 18:10:23,,2024-04-06 13:54:19,2025-12-26 12:14:20
17,kakao,2eccd317c9d0,user36161@kakao.com,오현우,010-7072-8468,서울,2026-07-31 07:37:45,,2025-03-21 14:59:42,2026-08-14 05:41:15
18,kakao,d64f7060d788,user19646@daum.net,안주원,010-8974-7540,대구,2025-07-29 15:31:13,,2024-04-01 23:51:47,2025-10-04 04:41:22
19,local,e947fb848b30,user17983@naver.com,임서연,010-6936-5382,부산,2026-07-29 12:15:56,,2024-07-09 20:02:31,2026-08-24 01:08:39
20,kakao,c0cbe990a875,user66509@naver.com,정예린,010-2401-6865,부산,2024-02-08 01:49:34,,2023-06-03 03:56:27,2024-03-31 22:16:35
21,google,b78e2a6890d6,user90394@kakao.com,임민준,010-1944-5674,강원,2026-07-08 16:25:34,,2025-02-12 15:57:41,2026-07-15 13:20:44
22,google,c9f08ca48966,user32558@gmail.com,신준서,010-3830-5434,경기,2026-08-14 12:26:20,,2024-09-28 16:38:08,2026-08-15 00:56:20
23,local,8146c371801a,user8325@gmail.com,황수아,010-4122-4475,경기,2026-07-11 16:59:39,,2024-12-26 21:32:58,2026-07-16 21:42:43
24,local,23f429b8ea66,user91420@gmail.com,송도윤,010-1431-4012,경기,2026-07-03 00:37:35,,2026-03-11 16:27:26,2026-07-26 21:10:26
25,google,95fafa064925,user43323@naver.com,장서연,010-4746-5934,인천,2026-08-20 16:17:35,,2023-01-31 00:44:29,2026-08-25 14:56:09
26,local,d849bf18331f,user88976@kakao.com,윤예린,010-2399-2243,충남,2026-06-09 01:45:55,,2026-03-06 23:14:25,2026-06-20 07:18:21
27,local,c59c85c390fe,user23977@naver.com,박채원,010-5477-5588,광주,2026-06-28 13:54:20,,2023-03-06 11:46:25,2026-07-25 23:51:59
28,google,d55d7b659427,user93069@daum.net,오민준,010-9073-5510,서울,2026-08-05 15:52:23,,2026-07-28 11:32:28,2026-08-19 03:09:49
29,local,55ce2d8ab650,user4519@gmail.com,권하은,010-7124-5928,서울,2025-08-02 04:49:30,,2024-07-31 15:23:57,2026-06-30 08:32:36
30,local,c1796ef9e8fd,user24130@daum.net,정동현,010-4683-9640,부산,2026-06-02 18:31:30,,2026-06-02 18:31:30,2026-07-08 16:34:46
31,google,013428cdf78e,user13084@naver.com,김재원,010-2199-2121,대구,2026-06-05 04:45:32,,2024-12-04 13:24:20,2026-06-24 04:19:11
32,kakao,55276c5b3ed1,user48186@naver.com,서승민,010-2731-1522,서울,2026-08-23 21:55:34,,2023-09-14 00:15:39,2026-08-25 00:53:22
33,kakao,ebb532539b61,user17118@daum.net,조현우,010-7202-2197,경기,2026-02-15 07:59:05,,2025-11-27 17:38:39,2026-07-01 05:56:09
34,kakao,8dafc00fcd10,user47785@gmail.com,박예린,010-7161-5582,대구,2026-05-31 18:00:48,,2024-02-21 06:49:18,2026-07-27 21:59:45
35,google,96f730feeaef,user20982@kakao.com,전민준,010-2342-4014,경북,2026-07-21 16:46:30,,2024-03-23 11:43:30,2026-08-11 00:28:03
36,local,61560e7b4570,user45126@daum.net,임보람,010-2327-9257,경기,2026-08-08 12:13:00,,2025-07-30 23:20:55,2026-08-18 00:58:57
37,google,f1c3e6e7429c,user30704@naver.com,전준서,010-8808-2812,전남,2026-08-01 04:34:44,,2025-02-04 08:59:51,2026-08-14 22:07:33
38,kakao,aef8b444b8f5,user74477@naver.com,황시우,010-3347-9183,충북,2026-06-19 00:26:46,,2025-01-30 05:12:33,2026-07-02 06:47:57
39,local,a6fcc5576ab7,user78337@naver.com,최건우,010-9522-6732,강원,2026-01-04 16:02:40,,2025-10-28 02:45:30,2026-05-14 15:33:00
40,local,fc3afa49cca7,user15443@daum.net,이재원,010-1997-1815,서울,2026-08-08 05:59:49,2026-08-23 15:22:15,2023-06-28 17:32:28,2026-08-25 02:59:48
41,local,5431907e9e14,user75186@gmail.com,전나연,010-7266-1813,경기,2026-07-06 03:59:29,,2024-11-02 12:46:11,2026-07-25 19:53:20
42,local,ff8688a6caa4,user12219@gmail.com,임승민,010-3786-5213,부산,2026-07-09 18:40:47,,2024-11-05 07:29:29,2026-07-21 01:48:42
43,local,fcf01f7ef5cc,user43623@kakao.com,오나연,010-5890-1940,인천,,,2025-09-20 20:43:38,2026-06-29 14:52:04
44,kakao,9d52d3083c74,user75639@gmail.com,임태현,010-6993-1465,충북,2026-07-24 17:55:13,,2025-01-22 05:57:53,2026-08-10 05:48:13
45,local,29cb0926bff6,user13666@gmail.com,권수아,010-7213-9293,강원,2026-06-16 01:18:21,,2026-03-24 23:33:54,2026-07-20 10:41:55
46,local,fec1b2262fac,user11253@kakao.com,권다인,010-1950-8998,경기,2025-12-03 11:06:15,2025-12-27 12:29:42,2025-08-24 13:09:59,2026-05-20 21:12:44
47,local,404372e88ba3,user36747@naver.com,오지우,010-6185-3422,광주,2026-08-20 12:45:49,,2026-01-19 00:10:30,2026-08-20 17:36:26
48,local,e14b62bfeb2b,user45852@kakao.com,안우미,010-1906-2790,경기,,,2025-07-21 10:50:43,2026-03-14 01:04:12
49,local,03876ca16250,user51540@naver.com,임채원,010-5368-1333,경기,2026-08-14 10:52:27,,2025-03-01 23:42:10,2026-08-16 21:18:40
50,google,fb46f3a160bd,user80392@daum.net,한준서,010-4927-5274,경기,2026-07-12 08:38:44,,2024-06-06 07:35:58,2026-07-19 22:43:48
51,google,4c4ae6b17906,user29992@naver.com,서윤슬,010-1724-2414,부산,2026-06-11 01:45:39,,2023-01-03 12:24:23,2026-08-12 17:18:12
52,local,415759479b1f,user39838@kakao.com,안서연,010-6416-9536,서울,2024-05-28 21:49:56,,2024-01-28 04:53:26,2024-08-14 10:09:54
53,local,6b851ab7cc5a,user91266@kakao.com,권민준,010-1588-8921,충남,2026-06-13 15:21:54,,2026-03-20 14:38:54,2026-08-19 00:17:40
54,local,9c8c5013d867,user58770@naver.com,안보람,010-7007-1036,광주,2026-07-14 04:04:08,2026-07-19 18:53:38,2023-09-12 00:06:52,2026-08-22 21:11:43
55,google,934701a0ff5e,user94152@naver.com,송서연,010-7176-8596,충남,2026-06-04 16:16:25,,2026-01-28 22:07:57,2026-07-28 09:38:00
56,local,bcd2da90a255,user39954@daum.net,송민서,010-9029-4028,전북,2026-06-28 03:32:49,,2026-05-19 08:50:16,2026-08-17 22:13:49
57,local,0c77fdb504db,user70788@kakao.com,임수아,010-7420-2127,강원,2026-02-02 01:15:22,,2025-12-25 04:40:52,2026-07-22 09:35:21
58,local,387cb288717e,user99891@gmail.com,전다인,010-5081-2299,서울,2026-06-22 14:14:53,,2026-01-10 17:12:20,2026-06-29 16:48:23
59,local,b91a3b46820f,user34353@kakao.com,송나연,010-7389-9445,인천,2026-06-07 15:14:34,,2025-04-17 22:19:13,2026-07-02 21:04:39
60,local,540db1c8e17a,user57271@kakao.com,송민서,010-9503-1158,전남,2026-08-01 09:53:29,,2024-05-31 02:35:05,2026-08-23 19:47:05
61,local,f2015cbfb7a0,user99555@daum.net,황민서,010-7655-4747,서울,2026-06-23 22:40:46,,2025-06-02 18:16:39,2026-08-03 12:39:32
62,local,3f17a1d07eab,user96730@kakao.com,권나연,010-8760-6811,광주,2026-07-02 07:52:51,,2024-03-14 21:49:07,2026-07-08 10:26:47
63,google,5e23b2407a9b,user76822@daum.net,안보람,010-6079-5085,경기,2026-08-13 11:43:50,,2023-09-30 13:06:39,2026-08-17 18:56:07
64,kakao,75eab024a63f,user62733@daum.net,권윤슬,010-2533-8179,서울,2026-08-03 13:27:49,,2024-03-25 14:55:16,2026-08-12 04:15:40
65,local,46cf5cfd9cda,user13695@kakao.com,최동현,010-7131-1490,제주,2026-06-30 13:41:20,,2023-02-07 19:42:05,2026-08-15 19:50:39
66,local,d763b655bc0c,user19171@daum.net,황준서,010-2107-9284,강원,2026-06-26 22:35:18,,2025-07-13 03:55:49,2026-08-06 20:56:01
67,google,9dcc46472478,user73127@naver.com,황준서,010-8727-8482,서울,2026-07-27 13:10:29,,2026-03-20 10:40:32,2026-08-22 11:42:09
68,kakao,b78e2a6890d6,user93223@gmail.com,장건우,010-3690-5842,서울,2026-07-21 13:29:01,,2025-09-28 14:38:05,2026-08-16 16:16:33
69,google,1b63a816454d,user36224@naver.com,최민환,010-6398-3298,충남,2026-07-19 08:07:47,,2024-02-11 00:21:11,2026-07-29 08:30:23
70,local,9599583b2b20,user76740@naver.com,권지훈,010-3363-1545,울산,2026-07-05 13:15:03,,2025-03-30 15:36:18,2026-07-27 02:38:31
71,google,1d7fc8d6cafe,user48539@naver.com,조현우,010-1591-7212,광주,2026-08-19 08:29:32,,2025-11-01 18:47:11,2026-08-25 17:36:32
72,google,40ae0aa6f307,user17435@naver.com,신하은,010-8369-1756,충북,2026-07-07 09:58:01,,2023-05-01 14:12:00,2026-08-13 17:01:00
73,kakao,06271372ab7c,user58363@daum.net,윤건우,010-1407-9540,서울,,,2025-08-09 18:13:11,2026-01-16 02:24:47
74,local,6254ab6adfb8,user5028@daum.net,신재원,010-6070-8985,경기,2026-06-06 16:04:01,,2023-09-21 23:21:48,2026-07-17 15:56:06
75,kakao,b8a1b5f48611,user91176@gmail.com,류윤슬,010-3531-5550,대구,2026-07-07 21:25:28,,2023-06-22 11:58:49,2026-07-18 01:29:36
76,google,ab2744532952,user45694@gmail.com,오주원,010-2187-7676,경북,2026-08-07 00:27:38,,2024-10-11 10:48:19,2026-08-19 09:36:21
77,kakao,9dcc46472478,user16493@gmail.com,장하은,010-6359-6498,서울,2026-07-19 21:55:52,,2023-07-07 18:28:18,2026-08-13 17:50:59
78,kakao,132cc9bd7cfd,user22476@gmail.com,이주원,010-1774-3885,부산,2026-07-29 08:40:20,,2023-09-24 00:26:13,2026-08-16 09:29:20
79,local,c08ed572d102,user96686@gmail.com,송가온,010-5838-6176,서울,2026-06-04 05:28:01,,2024-09-10 06:57:15,2026-06-09 22:38:10
80,kakao,61edd116737b,user76719@naver.com,신현우,010-9574-7328,서울,2026-06-09 08:35:53,,2026-02-03 23:30:19,2026-07-31 05:51:13
81,local,ebb532539b61,user93463@gmail.com,안동현,010-2864-4821,인천,2026-06-15 09:01:00,,2026-01-07 20:27:41,2026-08-17 23:36:37
82,local,a8300f274da5,user5743@gmail.com,황민준,010-4515-4943,경기,2026-08-09 12:04:59,,2024-04-28 03:07:42,2026-08-17 20:23:38
83,google,aa94af4c8f7a,user65869@gmail.com,박주원,010-9641-3544,경기,2026-06-27 07:25:42,,2024-10-31 19:07:32,2026-07-21 02:03:59
84,local,99510c41a146,user21254@naver.com,오영호,010-5418-9769,서울,2026-07-25 09:28:00,,2026-07-24 14:11:40,2026-08-21 04:34:07
85,google,00a383cff451,user12477@gmail.com,오하은,010-3624-8035,부산,2026-06-22 04:01:12,2026-07-09 21:29:48,2025-09-11 14:32:24,2026-08-22 19:19:17
86,local,dbdb443a360c,user44106@gmail.com,윤주원,010-7160-1703,서울,2025-02-04 10:45:58,,2023-09-18 20:05:36,2026-05-15 22:42:43
87,kakao,c00fb7eb4090,user97164@daum.net,장수아,010-1454-7968,경기,2025-12-29 23:32:44,,2025-08-07 00:49:12,2026-03-24 00:38:42
88,google,9b2a7bbe9a78,user46620@naver.com,임보람,010-1242-7276,경기,2026-06-22 08:54:47,,2024-08-10 09:38:13,2026-08-04 14:15:56
89,local,ed2afea4400d,user62580@naver.com,김민환,010-6568-7439,경남,2026-07-18 21:04:15,,2025-03-02 00:34:05,2026-08-02 16:18:50
90,local,c2019d7f3a37,user88711@naver.com,최우미,010-8486-6218,서울,2026-07-31 05:24:40,,2026-03-02 11:44:56,2026-08-08 15:44:14
91,local,e2df1e98999f,user80457@naver.com,송영호,010-1588-8921,인천,2026-05-29 23:26:07,,2023-04-01 12:10:42,2026-06-26 21:38:22
92,google,982795519cd9,user93495@daum.net,임유진,010-4978-1168,충북,,,2023-02-15 15:52:08,2023-09-24 19:40:07
93,firebase,e7d448a67cd6,user30000@kakao.com,전서연,010-2569-8336,인천,2026-07-26 16:23:54,,2025-06-13 10:16:02,2026-08-08 07:41:08
94,local,b1997acd7074,user48222@daum.net,안하은,010-4189-5016,전남,2026-07-16 09:57:33,2026-07-21 23:45:45,2025-09-27 15:34:03,2026-08-06 22:29:38
95,kakao,1faf80527b8f,user92837@daum.net,강민서,010-7254-7991,충남,2026-08-09 01:03:14,,2024-08-16 11:11:57,2026-08-21 21:19:09
96,google,fe7a8b0467d0,user81931@kakao.com,이현우,010-1701-2129,대전,2026-08-10 08:04:52,,2024-04-25 21:41:32,2026-08-13 00:17:07
97,local,9e9e7ccc228d,user48273@naver.com,류영호,010-7566-8440,경기,,,2023-02-28 02:35:55,2023-12-15 09:39:34
98,google,e23e3e3af891,user22334@daum.net,이지아,010-7355-6010,경기,2026-07-15 19:58:23,,2024-04-15 03:24:05,2026-08-23 04:09:30
99,kakao,7d9156acc0a8,user52883@daum.net,한영호,010-6955-4209,경북,2026-07-23 02:49:26,,2024-01-07 02:14:03,2026-08-18 19:01:12
100,apple,cfe7a3ed5b42,user81325@daum.net,강가온,010-3188-3234,경기,2026-06-29 04:58:17,,2025-06-02 18:40:21,2026-08-17 03:50:18
101,local,d59966d5cbe0,user36324@naver.com,오민환,010-8514-1425,제주,2024-12-26 13:33:02,2025-05-04 14:46:39,2023-12-26 23:24:59,2026-05-28 05:33:50
102,google,4ae697736c77,user96605@daum.net,윤민준,010-1085-5510,강원,2026-07-26 17:35:18,,2025-09-14 02:24:27,2026-08-22 18:50:40
103,kakao,f7c91146524e,user76425@kakao.com,장시우,010-5736-3383,강원,2026-08-02 12:32:46,,2026-04-02 05:22:16,2026-08-24 10:24:26
104,google,57dccf96c567,user93361@naver.com,서태현,010-4131-1132,서울,2026-06-04 03:57:04,,2024-03-11 20:24:42,2026-06-30 12:30:05
105,local,e7487ed38200,user87911@gmail.com,김지아,010-1341-3792,서울,2026-06-20 18:27:22,,2024-08-05 04:49:48,2026-07-08 00:14:22
106,local,21765e9b06c5,user24894@naver.com,류준서,010-4203-3514,충남,2026-08-17 12:26:02,,2023-01-16 18:27:18,2026-08-21 10:22:05
107,local,efba16352507,user31749@naver.com,임민환,010-7548-4483,서울,2026-07-02 20:36:21,,2023-05-13 09:42:20,2026-08-13 00:23:48
108,kakao,5499ff8d4f92,user27937@naver.com,한지훈,010-5238-1751,경기,2026-07-01 20:33:34,,2024-02-20 20:44:36,2026-08-24 16:13:44
109,local,2f25fa5f8da5,user59724@gmail.com,류건우,010-4385-5403,서울,2025-05-02 06:39:56,,2024-06-17 12:24:57,2025-09-26 21:52:17
110,firebase,c9f08ca48966,user54433@kakao.com,최해린,010-1592-2063,서울,2026-07-13 08:30:30,,2024-06-12 11:22:50,2026-07-25 08:21:58
111,local,b186d6a88acf,user22049@gmail.com,박다인,010-6689-3218,경기,2026-07-08 06:46:56,,2023-01-12 15:30:44,2026-07-31 13:44:52
112,google,a958b466eb84,user67404@naver.com,장시우,010-6137-5718,서울,2026-08-17 16:45:22,,2026-07-31 11:08:21,2026-08-19 13:13:54
113,google,8cc0a2dfabed,user48681@kakao.com,안민서,010-7586-6108,서울,2026-07-20 00:22:21,,2024-11-20 10:21:55,2026-08-24 07:57:21
114,local,d202dd5863e8,user18690@gmail.com,서승민,010-1188-4415,울산,2025-01-14 04:34:55,,2023-07-28 22:48:29,2025-05-14 23:00:12
115,local,6f6ce4fb9c12,user61757@naver.com,최민환,010-6021-1192,서울,2026-06-09 23:39:44,,2024-02-20 16:03:02,2026-07-04 13:47:30
116,local,cdfbd7d0926f,user86520@naver.com,류해린,010-6398-3298,서울,2026-07-25 07:44:36,,2026-04-27 05:30:46,2026-08-15 08:25:44
117,local,fddf4a9d0bb9,user94140@naver.com,서윤슬,010-8100-8908,인천,2026-05-28 09:01:08,,2025-01-30 03:49:19,2026-08-07 18:26:16
118,google,81e33cc77c1b,user73249@kakao.com,박윤슬,010-1531-6074,서울,2026-07-23 09:29:52,,2023-05-23 21:05:09,2026-08-11 10:01:33
119,google,65e2e4ed4d32,user74242@daum.net,조건우,010-4216-4223,대전,2026-06-25 05:52:56,,2025-04-11 09:38:04,2026-08-12 11:06:58
120,local,4586bc487f05,user49157@gmail.com,송가온,010-3950-3405,서울,2026-06-13 13:53:06,,2025-05-22 15:33:19,2026-06-20 06:55:44
121,firebase,5f70cbd01150,user47802@naver.com,송승민,010-5150-2412,서울,2026-08-15 00:56:54,,2025-06-01 14:39:39,2026-08-17 01:47:02
122,local,ee343417ab19,user36349@kakao.com,서승민,010-7070-6818,전북,2026-08-19 06:08:30,,2024-04-01 11:59:15,2026-08-24 11:05:13
123,kakao,739bafb65f21,user99978@gmail.com,이태현,010-8802-4728,전북,2026-06-27 00:11:03,,2025-03-01 22:26:16,2026-07-02 11:22:57
124,local,6dc2c1106322,user27671@daum.net,강나연,010-7618-9921,서울,2026-08-22 17:28:15,,2023-06-05 21:50:24,2026-08-23 14:52:58
125,kakao,ba0a64199f5f,user16512@daum.net,이지우,010-4252-8969,광주,2026-06-15 10:24:57,,2025-04-18 00:06:42,2026-07-13 11:35:25
126,local,e09b510c6e6b,user75264@daum.net,서시우,010-2248-2165,인천,2026-08-04 07:07:45,,2023-02-10 01:30:58,2026-08-16 21:26:32
127,local,18a86eb2a75e,user42390@gmail.com,권예린,010-6330-9211,서울,2026-08-01 01:31:48,,2025-10-28 04:51:53,2026-08-22 23:23:30
128,local,a8400669bcea,user12494@daum.net,최주원,010-7086-4283,경북,2026-08-17 13:34:50,,2025-08-14 11:12:46,2026-08-20 19:05:20
129,local,290c3b61690a,user51199@daum.net,윤준서,010-3834-3633,경기,2026-07-09 20:08:51,,2024-03-22 19:11:59,2026-08-02 17:48:36
130,local,f654391a8e6b,user20200@daum.net,송하은,010-1275-5307,서울,2023-08-19 06:46:45,,2023-06-07 22:35:08,2024-03-25 00:18:14
131,kakao,d54210fa1247,user69502@naver.com,서다인,010-5233-9850,충남,2026-07-12 19:32:05,,2023-05-19 21:31:58,2026-08-25 14:38:45
132,local,04df5d0ba4f8,user75999@naver.com,이준서,010-7913-2030,대구,2026-06-15 07:33:50,,2023-10-14 09:20:43,2026-07-16 15:43:20
133,local,682eccd11347,user48781@gmail.com,전하은,010-9312-6749,부산,2026-06-25 15:34:29,,2023-09-01 00:26:34,2026-07-25 08:50:49
134,kakao,85b4dae8f1e5,user80151@gmail.com,장유진,010-4846-1949,경기,2026-06-08 18:16:25,,2024-01-07 06:14:08,2026-06-26 00:33:40
135,local,70ed8308cdd4,user82141@gmail.com,전현우,010-9705-4214,인천,2024-06-08 17:51:35,,2024-02-21 00:23:08,2026-07-07 13:13:57
136,local,f8bf7e29d039,user57314@gmail.com,서승민,010-8091-3739,서울,2026-07-03 08:31:21,,2023-09-05 15:57:53,2026-07-30 18:48:00
137,google,12a0bb0573f1,user75492@daum.net,최현우,010-5414-3029,서울,,,2023-01-07 14:43:10,2025-09-12 17:35:59
138,local,3e02b6ecc88b,user69316@kakao.com,오지아,010-1472-2677,서울,2026-06-21 07:31:26,,2024-09-09 10:58:16,2026-08-19 07:55:49
139,firebase,59a61c3ca193,user10082@kakao.com,최동현,010-1334-5893,충남,2026-08-03 10:39:27,,2025-08-30 05:12:52,2026-08-08 19:32:44
140,google,5644a3f279c2,user78341@gmail.com,임유진,010-9520-8168,경기,2026-08-05 20:57:11,,2025-01-10 04:42:09,2026-08-21 13:52:22
141,local,2a6b596ce983,user26822@kakao.com,오우미,010-1386-6025,경기,2026-05-29 21:09:34,,2026-04-11 07:48:05,2026-07-27 06:13:55
142,local,e4fedb26826d,user84602@gmail.com,황예린,010-3881-9885,충남,2026-07-25 02:33:45,,2024-11-27 16:38:13,2026-07-31 12:32:11
143,firebase,5d150a5dadf1,user84058@gmail.com,안민서,010-9249-7773,경기,2026-08-18 21:08:42,,2025-02-14 22:44:00,2026-08-22 14:53:50
144,apple,4e8269a093d5,user96325@daum.net,오도윤,010-9255-5021,대구,2026-05-30 03:48:50,,2026-02-01 09:43:55,2026-07-09 05:22:34
145,local,ab56296bb2c5,user41397@daum.net,박지아,010-9806-8214,서울,2026-08-19 23:02:40,,2024-09-07 12:25:49,2026-08-21 13:18:59
146,kakao,8c36e5085d83,user28707@naver.com,황가온,010-9664-1581,서울,2026-06-01 02:20:36,,2025-08-13 16:27:07,2026-07-23 21:44:33
147,google,8f3d08b7877a,user89043@gmail.com,황예린,010-1034-9116,광주,2026-08-08 08:56:07,,2026-07-31 01:21:01,2026-08-08 11:59:46
148,local,2a0af4d5dbb6,user23102@kakao.com,신건우,010-1890-8461,서울,2026-06-27 19:48:07,,2024-04-21 19:00:06,2026-08-18 16:51:38
149,google,34a58c951450,user30877@daum.net,신영호,010-4497-7424,대구,,,2026-01-03 04:09:12,2026-02-18 01:46:38
150,local,7acc43bc2026,user65620@gmail.com,임예린,010-5530-4561,인천,2026-08-24 14:45:05,,2024-01-29 20:05:57,2026-08-24 21:28:18
151,kakao,ec21bef38e6c,user96932@daum.net,김민준,010-6687-6653,충남,2026-07-12 15:33:49,,2023-05-18 19:58:21,2026-07-22 10:31:38
152,local,b77d1868e99d,user20128@gmail.com,서시우,010-7809-9349,경기,2026-07-03 11:08:53,,2023-06-13 07:04:20,2026-07-17 17:24:17
153,local,075f34804be6,user31981@gmail.com,김해린,010-7072-8468,세종,2026-07-31 12:00:29,,2025-04-04 16:37:09,2026-08-09 04:31:25
154,local,11f1161843a2,user47413@kakao.com,조해린,010-6994-4702,대전,2026-04-28 13:21:53,,2026-04-28 13:21:53,2026-06-04 05:02:08
155,local,28067b216376,user58963@gmail.com,한민서,010-3154-5586,전북,2026-07-01 06:02:22,,2025-10-22 05:05:53,2026-07-15 21:18:33
156,local,1aa1ce559991,user37865@gmail.com,윤지훈,010-3731-2344,인천,2026-06-23 09:30:06,,2023-01-21 16:57:35,2026-08-25 17:21:07
157,google,6ad72a8ca989,user14925@gmail.com,이다인,010-6783-4708,서울,2026-07-21 22:31:47,,2024-02-07 15:26:23,2026-08-18 22:09:26
158,google,423fe9ed839f,user2611@naver.com,이서연,010-8401-6639,울산,2026-08-13 07:41:32,,2026-03-17 01:33:10,2026-08-22 20:59:51
159,kakao,9b2ab94e8c2e,user5114@naver.com,전태현,010-3882-8436,경북,2026-08-02 03:39:57,2026-08-09 16:09:16,2023-02-28 08:27:17,2026-08-12 13:32:26
160,local,28ea0267af83,user52119@kakao.com,윤가온,010-3836-7329,제주,2026-07-02 06:46:28,,2024-03-19 08:34:20,2026-07-04 08:26:55
161,local,252ee30d11cd,user9113@kakao.com,강하은,010-3960-7333,서울,2026-07-01 00:53:42,2026-08-16 15:45:08,2026-04-26 18:02:27,2026-08-16 20:59:51
162,local,86062c0f636a,user58510@kakao.com,황지우,010-4306-8187,경북,2026-07-21 21:47:43,,2024-06-20 21:28:36,2026-08-17 17:21:56
163,local,9a3cc2491ddc,user34278@gmail.com,이재원,010-4168-6316,충남,2026-06-26 19:47:56,,2024-02-02 08:01:16,2026-07-11 04:06:22
164,local,1ff48f58d27d,user86283@kakao.com,김보람,010-9076-2846,서울,2026-03-28 23:14:47,,2026-03-28 23:14:47,2026-08-04 15:40:17
165,local,b2177f938790,user51524@gmail.com,이현우,010-3471-3487,서울,2026-07-11 19:53:15,,2025-04-20 22:40:37,2026-07-18 20:33:11
166,local,bc569da6b02b,user98987@kakao.com,임지훈,010-3899-6892,경기,2025-08-26 11:55:23,,2025-02-02 12:54:23,2026-01-05 04:12:37
167,local,ed80230f9bb7,user21007@kakao.com,정가온,010-8389-1110,전남,,,2025-06-16 14:44:11,2025-07-05 19:37:33
168,local,72c15be6f6a2,user15356@gmail.com,장우미,010-3012-3677,서울,2026-06-14 01:43:13,,2024-10-25 16:55:47,2026-07-23 18:39:36
169,kakao,216d553abd01,user13572@gmail.com,황서연,010-6576-1319,서울,2024-12-11 07:55:23,,2024-06-23 03:52:36,2026-07-27 15:26:37
170,local,456700ed5c1c,user24623@gmail.com,정영호,010-2894-9695,충남,2025-04-21 08:56:06,,2024-09-20 05:41:36,2025-10-17 07:32:53
171,kakao,d18f84d451e5,user39653@daum.net,강보람,010-2880-9568,경기,2026-07-30 03:11:21,,2025-08-27 22:13:59,2026-08-17 11:28:26
172,local,f77d3b9a0c2c,user18576@naver.com,권태현,010-6151-5972,세종,2025-08-14 20:04:39,,2025-02-16 20:36:06,2025-11-02 20:05:04
173,local,2d3bd7b52b02,user72878@gmail.com,윤우미,010-3286-3480,경기,2026-07-26 18:33:14,,2023-10-01 21:03:46,2026-08-07 23:24:06
174,local,ddc2f7a402b8,user91692@kakao.com,최지아,010-4006-8048,인천,2025-03-29 05:49:05,,2023-11-13 01:59:10,2026-06-09 14:57:04
175,local,e1b8982af958,user80331@kakao.com,안영호,010-7603-3256,경기,2026-05-21 13:17:29,,2026-05-21 13:17:29,2026-08-23 03:48:38
176,local,c8d91e256168,user4736@kakao.com,서나연,010-5080-4652,서울,2026-07-15 14:38:25,,2026-05-21 15:40:34,2026-08-11 11:10:35
177,kakao,d939725155aa,user9371@daum.net,한지아,010-3488-4880,서울,2026-07-17 19:35:48,,2026-07-17 19:35:48,2026-07-29 11:26:48
178,local,524d17419cbc,user63135@kakao.com,윤우미,010-5601-2314,서울,2026-06-29 00:06:53,,2023-11-19 16:45:28,2026-06-29 07:03:27
179,local,8f2a71f2da6a,user35901@kakao.com,권서연,010-5407-5575,충남,,,2025-01-21 04:51:55,2025-03-13 07:59:38
180,local,512aa6f538d3,user15318@naver.com,김하은,010-3295-9376,서울,2026-07-14 18:35:46,,2024-12-01 19:51:53,2026-08-04 03:55:25
181,google,d3f3b614a3f8,user52040@daum.net,김지훈,010-1806-1321,부산,2026-06-27 11:53:01,2026-08-10 11:15:37,2023-09-04 06:06:48,2026-08-22 21:13:12
182,local,8f14cfdadcd2,user73463@naver.com,신영호,010-9906-7872,경기,2026-08-25 13:08:02,,2025-11-06 23:04:08,2026-08-25 23:44:26
183,google,737ed5f273c7,user43428@naver.com,강동현,010-6576-1319,서울,2026-08-10 21:11:16,,2023-12-22 18:03:23,2026-08-12 13:35:50
184,google,db6628501227,user55321@kakao.com,정시우,010-7370-5232,대구,2026-08-25 13:03:05,,2024-10-27 19:56:43,2026-08-25 16:30:22
185,local,43d9b3acecfe,user73645@naver.com,서수아,010-9916-6989,대구,2026-08-11 01:58:29,,2026-08-07 13:49:02,2026-08-11 12:17:13
186,local,697e80d30bbb,user3662@naver.com,정예린,010-1103-6438,경북,2025-10-09 22:02:26,,2025-02-24 22:07:55,2025-11-08 08:08:24
187,local,e18586390b57,user61448@naver.com,황윤슬,010-6602-4155,서울,2026-07-01 19:07:17,,2023-05-24 23:16:36,2026-08-05 17:53:46
188,kakao,496ef9793816,user3133@kakao.com,최시우,010-9528-8019,서울,2026-07-19 03:22:08,,2025-09-22 05:40:23,2026-07-21 12:22:01
189,apple,4f28db0f1808,user36163@daum.net,최민서,010-3177-4342,서울,2026-08-19 19:00:59,,2024-06-26 04:37:47,2026-08-20 16:47:41
190,local,80ca0ce655c1,user66368@kakao.com,권보람,010-4974-1401,서울,,,2023-10-21 12:27:03,2026-03-06 05:17:47
191,local,25ede67f0ea3,user9453@daum.net,오다인,010-2222-8509,울산,2026-08-04 19:56:36,,2024-09-02 14:01:47,2026-08-05 11:35:46
192,local,92787f5b750f,user5832@naver.com,윤해린,010-6767-5000,서울,2026-07-06 16:16:18,,2023-08-01 21:54:28,2026-08-06 06:58:41
193,local,07ec99eacfee,user15256@daum.net,신다인,010-1406-9592,울산,2026-07-27 03:52:58,,2023-08-11 20:32:25,2026-08-16 13:37:45
194,local,e409e4cb563e,user21917@naver.com,조동현,010-9520-8217,전남,2026-07-25 15:35:59,,2026-06-06 19:12:47,2026-08-12 17:27:13
195,local,3af38376f278,user55439@kakao.com,황하은,010-1333-9228,광주,2026-06-12 08:01:21,,2025-03-26 02:39:41,2026-06-14 01:01:19
196,local,994aa6495bb8,user99409@daum.net,권태현,010-6029-4430,경기,2026-06-04 04:49:58,,2025-01-10 18:04:32,2026-07-18 10:51:57
197,google,2cc9b8bc25d1,user41194@kakao.com,송보람,010-2312-8501,대전,2026-08-12 06:06:50,,2025-10-31 19:54:57,2026-08-25 00:44:40
198,local,e47d1bc564e2,user63289@naver.com,윤다인,010-2329-3868,경기,2026-07-05 00:07:19,,2026-06-21 12:23:14,2026-08-22 22:55:44
199,local,1f30b587d20f,user41005@kakao.com,임나연,010-3011-7698,서울,2026-06-22 23:51:39,,2025-06-16 19:27:54,2026-07-03 13:54:05
200,local,132cc9bd7cfd,user80772@kakao.com,오태현,010-4237-6139,서울,2026-08-10 10:24:45,,2026-06-15 22:00:20,2026-08-21 07:30:12
201,kakao,5fb2762e2a40,user37189@naver.com,한민환,010-6492-2319,경기,2025-05-08 23:24:23,,2024-12-25 11:25:48,2025-08-27 05:38:30
202,apple,6070163048db,user62459@naver.com,신주원,010-9520-8217,인천,2026-07-19 03:14:28,,2025-09-24 18:29:57,2026-07-21 00:06:49
203,local,994f92d7d7e1,user22448@naver.com,황재원,010-4946-2099,충남,2026-07-07 12:27:27,,2025-11-11 03:52:37,2026-07-11 11:04:05
204,kakao,f82c0a7f4f23,user99224@gmail.com,윤지아,010-5842-7399,경기,2026-07-06 15:54:21,,2025-11-05 22:40:23,2026-08-07 23:14:54
205,google,2ddbd3079859,user71633@kakao.com,박민준,010-9394-2202,인천,,,2023-10-13 18:01:24,2026-06-10 10:40:10
206,firebase,6d0d877404c0,user64598@naver.com,최지훈,010-9915-3364,서울,2026-08-07 09:51:39,,2023-12-12 00:11:43,2026-08-24 07:55:56
207,kakao,ec95c8aca1ce,user73873@daum.net,김서연,010-3404-2139,경기,2025-03-30 10:08:46,,2023-08-04 04:44:09,2025-11-19 04:43:09
208,local,cc76cf5bbd2e,user41370@kakao.com,정준서,010-9918-8058,서울,2026-07-16 07:13:04,,2025-07-07 18:38:30,2026-08-24 11:19:06
209,google,b65ac31cb9e8,user17959@naver.com,한시우,010-3840-6330,대전,2026-07-28 21:34:48,,2023-05-13 22:39:11,2026-08-03 15:54:37
210,kakao,9b47441be8d6,user9967@gmail.com,임지훈,010-3378-9038,경기,2025-01-21 11:28:15,,2023-05-21 07:33:08,2025-12-27 13:54:42
211,local,c8e3fe36b674,user9455@gmail.com,전예린,010-7612-7593,경남,2026-08-03 08:33:58,,2026-05-24 19:11:39,2026-08-14 22:07:44
212,local,dcc1fe1af539,user84138@naver.com,김해린,010-9114-1606,경북,2026-08-12 00:55:57,,2025-03-15 22:15:18,2026-08-21 18:01:23
213,local,4496fc7fdbaa,user72328@kakao.com,강지훈,010-3566-1517,전북,2025-10-23 20:51:00,,2025-03-17 20:39:57,2026-08-22 07:41:28
214,firebase,05b625aa364f,user61098@daum.net,이지아,010-9163-9351,서울,2023-12-07 03:20:46,,2023-03-05 22:14:07,2025-05-29 13:32:10
215,local,0c592c88b1cd,user63159@daum.net,조태현,010-1087-4210,부산,2026-06-04 06:10:35,,2025-10-29 22:12:06,2026-06-25 05:49:21
216,local,f6dfbcf40e70,user35622@kakao.com,전수아,010-7380-1942,서울,2024-11-15 08:13:48,,2024-09-17 01:03:21,2025-09-09 06:03:14
217,kakao,59e302214b03,user14841@gmail.com,이지아,010-9380-6424,전남,2026-06-15 23:56:13,,2024-08-09 10:47:33,2026-08-07 18:02:34
218,google,a44fed7a9217,user59716@naver.com,한민환,010-5582-2289,전북,2026-06-17 20:08:24,,2023-04-03 08:16:55,2026-07-29 23:01:25
219,firebase,57ec41f2c778,user25451@daum.net,권서연,010-2280-8964,경북,2026-07-26 16:49:31,,2024-11-19 21:16:12,2026-08-21 05:18:05
220,kakao,3ce4eb8ef753,user10847@kakao.com,황태현,010-3679-1130,인천,2026-07-27 15:51:46,,2023-02-27 19:52:24,2026-08-02 22:20:26
221,local,4180942fd3d6,user19877@kakao.com,오영호,010-6005-8244,서울,2026-08-21 19:32:44,,2023-11-14 03:28:04,2026-08-22 08:29:17
222,local,62a5df624a93,user84911@daum.net,박하은,010-3731-2344,부산,2025-11-28 17:01:06,,2025-07-07 16:12:23,2026-05-13 00:03:13
223,google,6d6ac8e54960,user46966@gmail.com,조민서,010-2342-4014,서울,2026-07-22 03:25:01,,2023-10-08 00:23:28,2026-08-02 07:47:50
224,local,b799249e91ec,user21355@naver.com,황채원,010-3012-2877,경기,2024-12-16 03:33:06,,2024-01-24 21:40:44,2025-03-03 09:04:59
225,local,fe470f4fb3a2,user25976@kakao.com,안서연,010-6439-8688,전남,2026-05-28 06:09:36,,2024-11-15 07:08:59,2026-08-21 03:56:55
226,local,839c956af33d,user74946@kakao.com,권지우,010-1859-7895,인천,2026-08-16 09:41:03,,2024-03-28 03:18:50,2026-08-24 22:15:09
227,local,70715b163585,user37839@kakao.com,황재원,010-2920-2216,서울,2026-06-19 11:49:16,,2026-06-19 11:49:16,2026-07-27 18:59:49
228,google,28067b216376,user40439@naver.com,안지우,010-3334-9806,부산,2026-07-26 11:37:16,,2025-10-04 23:48:59,2026-08-04 22:12:49
229,local,c83abfad3acf,user19799@daum.net,정동현,010-2312-8501,서울,2026-06-27 10:12:09,,2024-04-15 05:41:56,2026-07-24 22:10:33
230,kakao,fd5a4bf27a73,user96812@daum.net,이우미,010-5693-4664,경기,2026-08-23 23:27:16,,2025-05-25 22:48:52,2026-08-24 06:38:30
231,google,9dd5063e0c01,user45393@kakao.com,조유진,010-4234-3507,서울,2026-02-18 01:32:50,,2024-12-10 10:36:31,2026-06-18 19:39:50
232,kakao,a761157b7524,user81401@gmail.com,강민환,010-8661-1531,경기,2026-06-19 03:56:21,,2024-03-27 20:09:34,2026-06-27 01:46:42
233,local,f60245e2d085,user52791@kakao.com,한준서,010-1119-7246,인천,2025-09-11 03:29:09,,2023-02-25 12:01:39,2025-11-29 14:29:41
234,kakao,c7685fea6a79,user82838@naver.com,송수아,010-3784-8112,서울,2026-08-07 23:46:09,,2023-02-09 16:17:55,2026-08-13 18:12:45
235,local,d46a0775451d,user84732@gmail.com,전민준,010-1541-5581,충남,2026-06-18 09:36:34,,2023-06-06 08:08:42,2026-06-30 19:14:40
236,kakao,5a6bedc55776,user5613@naver.com,안우미,010-1328-9887,경기,2026-07-27 10:24:17,,2024-09-06 21:04:32,2026-08-08 05:50:44
237,local,c8dbc3a68c48,user29709@daum.net,한도윤,010-7206-5756,서울,2026-08-18 01:16:14,,2023-09-26 14:21:25,2026-08-23 15:02:32
238,kakao,fc3afa49cca7,user65992@daum.net,전재원,010-3854-9083,경기,2026-08-04 23:09:13,,2023-02-02 10:00:06,2026-08-09 10:22:04
239,local,803b24d1e71d,user1086@gmail.com,임재원,010-3293-8297,울산,2026-06-26 21:19:55,,2025-08-06 07:58:04,2026-07-11 10:59:34
240,local,a3e1ef46d4f6,user29344@naver.com,정우미,010-3454-3059,서울,2026-08-05 02:36:14,,2025-07-06 13:45:00,2026-08-20 09:09:19
241,local,218d93015588,user99838@naver.com,권수아,010-7683-7573,충남,2026-08-17 06:45:52,,2025-05-01 03:07:53,2026-08-23 20:54:14
242,kakao,8d32bd132b58,user53349@kakao.com,강유진,010-9003-7886,충북,2026-06-28 06:40:48,,2024-05-26 21:12:44,2026-07-13 11:00:45
243,local,803d67bd725a,user39921@daum.net,황윤슬,010-4858-5511,서울,2026-07-14 14:07:10,,2025-11-10 04:49:46,2026-08-04 02:41:05
244,google,a2fde97b5d7d,user16817@gmail.com,한민서,010-8421-6060,경남,2026-06-25 05:54:21,,2025-03-09 16:52:43,2026-08-02 10:34:49
245,local,da749136781b,user18925@kakao.com,전주원,010-7668-7293,서울,2026-08-16 20:50:11,,2023-12-21 11:26:41,2026-08-20 18:05:50
246,google,570259aaef50,user79357@kakao.com,송태현,010-9096-1762,경기,2026-06-23 02:17:57,,2024-11-30 20:59:34,2026-08-09 01:15:07
247,kakao,2700f2be3121,user92914@daum.net,강하은,010-9980-4936,부산,2025-06-06 06:03:23,,2023-03-11 12:37:56,2026-06-09 19:59:21
248,local,2031dccaa183,user92698@naver.com,전서연,010-8106-5161,대전,2024-07-15 07:49:46,2026-03-30 05:26:03,2024-03-04 20:34:45,2026-05-01 19:27:17
249,google,1988f90539c6,user90563@kakao.com,정수아,010-7434-9249,울산,2026-05-23 23:35:13,,2026-05-23 23:35:13,2026-06-23 08:12:06
250,google,4c065cf38653,user38507@kakao.com,이지우,010-1036-4555,경기,2026-06-21 04:27:01,,2023-12-17 22:35:38,2026-08-09 02:27:46
251,local,5245e76eb541,user48822@gmail.com,류민환,010-9114-1606,인천,2026-07-25 13:36:34,,2023-12-24 18:06:47,2026-08-07 17:08:01
252,kakao,e499d44add85,user89199@kakao.com,전민준,010-5355-7485,서울,2026-06-13 15:19:13,2026-06-29 03:44:41,2025-01-15 05:23:24,2026-07-20 12:26:42
253,local,46ab3694fc60,user72664@gmail.com,장재원,010-9958-3583,충남,2026-03-21 12:20:22,,2026-03-21 12:20:22,2026-07-14 15:58:47
254,local,7f191b6dd1e3,user96807@daum.net,한민환,010-7737-4237,충남,2024-03-19 05:31:26,,2024-03-10 00:42:36,2024-10-03 16:02:21
255,local,ccb5fda86280,user21879@daum.net,임지아,010-2014-6298,부산,2026-05-30 08:51:20,,2024-06-01 22:28:09,2026-08-21 03:04:27
256,google,525a914c5dab,user13292@daum.net,황보람,010-1265-2230,경기,2026-07-07 03:32:27,,2024-11-05 13:25:09,2026-07-13 22:28:32
257,google,94e15727d3cc,user8384@naver.com,송도윤,010-4935-5268,서울,2026-07-28 22:13:01,,2023-10-29 11:47:50,2026-08-03 07:38:35
258,google,700f9806e5aa,user45707@gmail.com,이가온,010-6558-8191,인천,2026-06-13 12:49:11,,2025-03-24 13:46:47,2026-08-20 20:41:51
259,local,8fa578c4454f,user59581@gmail.com,황준서,010-1178-2749,경기,2026-08-02 21:46:13,2026-08-17 06:50:30,2025-02-05 21:58:49,2026-08-21 10:34:32
260,kakao,a8a82a061b37,user55669@kakao.com,최시우,010-1325-7902,서울,2026-05-27 21:52:52,,2024-03-07 23:23:01,2026-06-15 22:24:25
261,google,bc01d3e00042,user53784@naver.com,정예린,010-5566-1102,서울,2026-06-22 13:59:09,,2024-11-22 16:02:58,2026-07-01 17:29:33
262,google,8b8e1a75e75b,user98804@daum.net,박영호,010-5566-4404,경기,2026-07-27 10:58:51,,2025-03-31 06:20:22,2026-08-15 05:17:12
263,local,67b8f3746d07,user12987@daum.net,신가온,010-7026-5336,서울,2026-08-07 19:42:42,,2025-10-14 07:57:43,2026-08-22 17:38:55
264,local,38f8f776fa7f,user27040@daum.net,임나연,010-2304-4273,전남,2026-08-17 23:47:06,,2024-10-28 08:31:45,2026-08-24 00:02:37
265,local,37c79af4e159,user40232@daum.net,오민서,010-6126-5601,서울,2026-08-18 00:50:42,,2026-07-21 20:26:39,2026-08-23 05:47:14
266,local,d8ce8911b009,user43209@naver.com,한현우,010-2781-6832,충남,2026-08-18 22:43:20,2026-08-25 00:47:16,2026-03-01 18:06:15,2026-08-25 17:54:36
267,kakao,c2019d7f3a37,user3389@daum.net,전유진,010-9452-6052,서울,2026-07-02 09:42:36,,2024-06-22 05:37:42,2026-07-21 22:54:49
268,local,4ced81818a3a,user65634@kakao.com,장채원,010-3439-6329,경기,2026-05-30 11:39:14,,2023-06-07 03:18:27,2026-07-03 22:00:34
269,local,7f7eb714fa13,user39601@kakao.com,한현우,010-4710-4618,부산,,,2026-02-11 01:12:02,2026-03-18 10:19:14
270,firebase,fc9a783ab5d3,user98674@kakao.com,송지우,010-2023-9083,전북,2025-01-02 19:37:57,,2023-08-02 18:42:44,2025-09-23 16:18:30
271,google,191e54f9d3bf,user22044@kakao.com,서지아,010-4610-7354,서울,2026-07-01 15:41:37,,2025-05-08 03:02:47,2026-07-19 18:48:48
272,kakao,927017f9c77d,user33677@gmail.com,황수아,010-2055-4016,서울,2026-07-01 21:39:22,,2025-09-08 10:33:40,2026-08-03 09:08:15
273,google,3e10456475e5,user88784@gmail.com,송지우,010-8451-5768,부산,2026-06-13 18:16:47,,2023-08-23 17:11:40,2026-07-21 11:32:39
274,local,c7a88152b88f,user75910@gmail.com,임예린,010-5416-2873,부산,2026-07-17 07:16:06,,2024-10-08 19:11:46,2026-08-06 18:31:04
275,local,e9936c2a9d82,user21630@kakao.com,류나연,010-9500-5364,인천,2026-08-17 16:26:12,,2025-11-07 17:29:36,2026-08-25 21:36:09
276,local,4563ccbdf6dc,user3383@kakao.com,신현우,010-5190-6029,울산,2026-08-02 17:04:30,,2024-06-21 07:19:15,2026-08-21 02:21:01
277,local,dba26e8f2246,user41588@gmail.com,윤서연,010-1931-4636,경기,2026-08-01 07:59:58,,2025-08-29 06:56:52,2026-08-03 22:15:01
278,local,7ff23ee25bf8,user36383@gmail.com,송승민,010-2460-6874,인천,2026-06-17 02:26:21,,2026-05-03 20:19:10,2026-07-17 15:02:30
279,local,4e8df5b31c2f,user16295@naver.com,권시우,010-8779-2493,서울,2026-07-06 14:33:58,,2024-09-22 04:11:59,2026-07-20 08:15:32
280,local,d54210fa1247,user75244@kakao.com,최승민,010-1859-7895,부산,2026-05-27 20:58:12,,2025-09-19 08:17:13,2026-06-08 07:55:59
281,local,30fc5c030438,user11352@naver.com,전윤슬,010-6019-3489,대전,2026-07-15 01:55:35,,2025-06-13 04:08:49,2026-07-26 12:18:48
282,local,4635a6d05b90,user76650@kakao.com,윤승민,010-1309-6487,경기,2026-06-26 08:26:25,,2023-09-23 18:08:10,2026-07-24 19:47:35
283,local,465c4b2e4f5f,user61181@daum.net,전민준,010-4349-6542,서울,2026-06-14 08:28:15,,2025-04-12 04:10:39,2026-08-22 02:31:21
284,local,9b0119c56dd9,user77420@daum.net,윤지훈,010-3012-2877,서울,2026-08-22 01:05:42,,2023-04-16 04:44:35,2026-08-24 01:31:29
285,local,c74b064e4b02,user53787@naver.com,이지우,010-9123-9558,경기,,,2023-06-03 12:41:16,2024-10-27 23:15:03
286,kakao,a6174515c388,user54878@kakao.com,김영호,010-2595-3436,서울,2024-03-14 18:06:56,,2023-04-26 00:24:06,2025-12-23 05:53:41
287,kakao,f164068b51bf,user30182@daum.net,전영호,010-1249-8694,대전,2025-11-21 16:25:32,,2024-11-20 19:52:46,2026-08-17 03:46:45
288,firebase,00b8ac1d71a6,user36456@daum.net,류윤슬,010-7173-1680,서울,2026-08-24 10:46:16,,2026-01-22 04:39:17,2026-08-25 13:06:33
289,google,d849bf18331f,user34404@kakao.com,오지우,010-6543-7094,전남,2026-06-25 04:50:33,,2026-06-25 04:50:33,2026-08-21 21:31:02
290,local,72a07fcaa17a,user34469@daum.net,정건우,010-4069-2181,인천,2026-07-04 17:05:49,,2026-07-04 17:05:49,2026-08-09 23:44:03
291,local,a507e1856147,user70290@daum.net,류민환,010-2038-7487,서울,2025-12-01 23:42:28,,2025-09-18 17:08:27,2026-01-24 13:03:11
292,apple,2a23b597313c,user50077@gmail.com,최민환,010-5696-2764,부산,2026-08-17 00:28:57,,2025-09-03 06:22:16,2026-08-25 03:37:20
293,local,b3bdae0bbb65,user99867@naver.com,서지우,010-8227-2021,서울,2026-07-01 17:20:04,,2025-01-01 20:07:13,2026-07-24 17:56:40
294,local,03ef6d5e5dbc,user65856@gmail.com,박현우,010-7391-6985,광주,2026-08-08 19:58:16,,2026-05-27 08:19:10,2026-08-24 06:11:33
295,local,8015bae216aa,user73586@gmail.com,오지아,010-7805-7655,경기,2026-05-27 21:31:59,,2023-04-27 14:00:27,2026-06-15 14:06:56
296,kakao,4319b9a4c01a,user54117@daum.net,조준서,010-7505-6402,충남,2026-05-27 21:45:28,,2025-09-01 17:07:48,2026-06-29 17:59:10
297,local,65e2e4ed4d32,user80702@gmail.com,송동현,010-7814-5354,경북,2026-07-10 11:26:03,,2026-04-30 19:53:30,2026-08-13 11:13:22
298,local,f4d5b6c02d01,user83108@naver.com,조수아,010-6972-1677,인천,2025-07-27 05:34:27,,2024-06-12 18:02:08,2026-05-12 22:44:05
299,firebase,0d1881f818e9,user22905@kakao.com,황건우,010-2894-8987,경기,2026-07-17 19:59:23,,2024-02-20 05:29:54,2026-08-15 11:43:05
300,local,2e45332861ad,user69426@naver.com,강민준,010-2601-3065,경기,2026-07-30 19:47:51,,2025-02-17 13:02:06,2026-08-23 15:56:14
