product_id,category,sub_category,brand,product_name,price,weight_g,target_feeding_purpose,target_food_form,ingredients,tags,description
F0001,사료,건식사료,펫키친,펫키친 건식사료,78117,1890,피부,건식,귀리|유산균|오메가3,건식사료|피부|귀리|유산균|오메가3|건식,건식사료 제품으로 귀리/유산균 성분을 담았습니다.
F0002,사료,퍼피사료,그레인프리랩,그레인프리랩 퍼피사료,76268,4892,공용,건식,연어|현미|오메가3,퍼피사료|유기농|연어|현미|오메가3|건식,퍼피사료 제품으로 연어/현미 성분을 담았습니다.
F0003,사료,습식사료,와일드포,와일드포 습식사료,69238,1641,관절,습식,프로바이오틱스|홍합추출물|유산균|소고기,습식사료|관절|프로바이오틱스|홍합추출물|유산균|소고기|습식|소고기함유,습식사료 제품으로 프로바이오틱스/홍합추출물 성분을 담았습니다.
F0004,사료,실버사료,헬시포,헬시포 실버사료,39099,3411,피부,건식,고구마|소고기,실버사료|피부|고구마|소고기|건식|소고기함유,실버사료 제품으로 고구마/소고기 성분을 담았습니다.
F0005,사료,퍼피사료,스노우독,스노우독 퍼피사료,60155,3468,다이어트,공용,단호박|글루코사민,퍼피사료|다이어트|단호박|글루코사민,퍼피사료 제품으로 단호박/글루코사민 성분을 담았습니다.
F0006,사료,퍼피사료,펫키친,펫키친 퍼피사료,87760,3347,공용,건식,유산균|프로바이오틱스|귀리,퍼피사료|유산균|프로바이오틱스|귀리|건식,퍼피사료 제품으로 유산균/프로바이오틱스 성분을 담았습니다.
F0007,사료,실버사료,퍼피랩,퍼피랩 실버사료,79594,1226,공용,습식,유산균|단호박|고구마,실버사료|유산균|단호박|고구마|습식,실버사료 제품으로 유산균/단호박 성분을 담았습니다.
F0008,사료,실버사료,바크앤조이,바크앤조이 실버사료,60307,2887,피부,건식,글루코사민|스피루리나,실버사료|피부|유기농|글루코사민|스피루리나|건식,실버사료 제품으로 글루코사민/스피루리나 성분을 담았습니다.
F0009,사료,퍼피사료,와일드포,와일드포 퍼피사료,29121,1405,피부,건식,현미|귀리,퍼피사료|피부|현미|귀리|건식,퍼피사료 제품으로 현미/귀리 성분을 담았습니다.
F0010,사료,퍼피사료,바크앤조이,바크앤조이 퍼피사료,79682,794,관절,건식,현미|오메가3|홍합추출물,퍼피사료|관절|유기농|현미|오메가3|홍합추출물|건식,퍼피사료 제품으로 현미/오메가3 성분을 담았습니다.
F0011,사료,습식사료,바크앤조이,바크앤조이 습식사료,60376,4330,피부,습식,프로바이오틱스|귀리,습식사료|피부|프로바이오틱스|귀리|습식,습식사료 제품으로 프로바이오틱스/귀리 성분을 담았습니다.
F0012,사료,퍼피사료,스노우독,스노우독 퍼피사료,75093,3847,공용,습식,유산균|현미|소고기,퍼피사료|유산균|현미|소고기|습식|소고기함유,퍼피사료 제품으로 유산균/현미 성분을 담았습니다.
F0013,사료,건식사료,스노우독,스노우독 건식사료,54368,4714,피부,건식,소고기|오리,건식사료|피부|유기농|소고기|오리|소고기함유|건식,건식사료 제품으로 소고기/오리 성분을 담았습니다.
F0014,사료,습식사료,도그밀,도그밀 습식사료,69816,3833,다이어트,습식,홍합추출물|글루코사민,습식사료|다이어트|홍합추출물|글루코사민|습식,습식사료 제품으로 홍합추출물/글루코사민 성분을 담았습니다.
F0015,사료,실버사료,그레인프리랩,그레인프리랩 실버사료,32621,953,관절,습식,연어|닭고기|소고기|홍합추출물,실버사료|관절|연어|닭고기|소고기|홍합추출물|습식|소고기함유|닭고기함유,실버사료 제품으로 연어/닭고기 성분을 담았습니다.
F0016,사료,습식사료,도그밀,도그밀 습식사료,30884,2304,공용,습식,유산균|홍합추출물|글루코사민,습식사료|유산균|홍합추출물|글루코사민|습식,습식사료 제품으로 유산균/홍합추출물 성분을 담았습니다.
F0017,사료,건식사료,바크앤조이,바크앤조이 건식사료,58668,4478,관절,건식,오리|유산균|현미|글루코사민,건식사료|관절|오리|유산균|현미|글루코사민|건식,건식사료 제품으로 오리/유산균 성분을 담았습니다.
F0018,사료,습식사료,헬시포,헬시포 습식사료,75293,4653,공용,습식,프로바이오틱스|현미|홍합추출물,습식사료|프로바이오틱스|현미|홍합추출물|습식,습식사료 제품으로 프로바이오틱스/현미 성분을 담았습니다.
F0019,사료,건식사료,도그밀,도그밀 건식사료,32918,4717,공용,건식,닭고기|단호박,건식사료|닭고기|단호박|닭고기함유|건식,건식사료 제품으로 닭고기/단호박 성분을 담았습니다.
F0020,사료,건식사료,멍푸드,멍푸드 건식사료,59653,1406,다이어트,건식,귀리|소고기|고구마|유산균,건식사료|다이어트|유기농|귀리|소고기|고구마|유산균|소고기함유|건식,건식사료 제품으로 귀리/소고기 성분을 담았습니다.
F0021,사료,건식사료,그레인프리랩,그레인프리랩 건식사료,25745,3409,다이어트,건식,닭고기|오리,건식사료|다이어트|닭고기|오리|건식|닭고기함유,건식사료 제품으로 닭고기/오리 성분을 담았습니다.
F0022,사료,습식사료,스노우독,스노우독 습식사료,60190,4777,다이어트,습식,오메가3|글루코사민,습식사료|다이어트|오메가3|글루코사민|습식,습식사료 제품으로 오메가3/글루코사민 성분을 담았습니다.
F0023,사료,퍼피사료,퍼피랩,퍼피랩 퍼피사료,17691,470,관절,건식,닭고기|홍합추출물|단호박|글루코사민,퍼피사료|관절|닭고기|홍합추출물|단호박|글루코사민|건식|닭고기함유,퍼피사료 제품으로 닭고기/홍합추출물 성분을 담았습니다.
F0024,사료,실버사료,스노우독,스노우독 실버사료,66684,3780,공용,습식,소고기|단호박|현미|프로바이오틱스,실버사료|소고기|단호박|현미|프로바이오틱스|습식|소고기함유,실버사료 제품으로 소고기/단호박 성분을 담았습니다.
F0025,사료,실버사료,도그밀,도그밀 실버사료,23399,2834,공용,습식,연어|닭고기,실버사료|연어|닭고기|습식|닭고기함유,실버사료 제품으로 연어/닭고기 성분을 담았습니다.
F0026,사료,실버사료,바크앤조이,바크앤조이 실버사료,50161,4341,피부,건식,단호박|귀리,실버사료|피부|단호박|귀리|건식,실버사료 제품으로 단호박/귀리 성분을 담았습니다.
F0027,사료,실버사료,도그밀,도그밀 실버사료,30843,3996,다이어트,습식,귀리|오리|단호박,실버사료|다이어트|유기농|귀리|오리|단호박|습식,실버사료 제품으로 귀리/오리 성분을 담았습니다.
F0028,사료,퍼피사료,바크앤조이,바크앤조이 퍼피사료,78799,3670,공용,공용,고구마|소고기|오메가3,퍼피사료|유기농|고구마|소고기|오메가3|소고기함유,퍼피사료 제품으로 고구마/소고기 성분을 담았습니다.
F0029,사료,실버사료,퍼피랩,퍼피랩 실버사료,62490,2591,피부,습식,글루코사민|연어|소고기|단호박,실버사료|피부|글루코사민|연어|소고기|단호박|습식|소고기함유,실버사료 제품으로 글루코사민/연어 성분을 담았습니다.
F0030,사료,실버사료,펫키친,펫키친 실버사료,27923,2006,다이어트,건식,닭고기|귀리|글루코사민|연어,실버사료|다이어트|닭고기|귀리|글루코사민|연어|건식|닭고기함유,실버사료 제품으로 닭고기/귀리 성분을 담았습니다.
F0031,사료,실버사료,바크앤조이,바크앤조이 실버사료,32965,3029,공용,습식,닭고기|현미,실버사료|닭고기|현미|습식|닭고기함유,실버사료 제품으로 닭고기/현미 성분을 담았습니다.
F0032,사료,퍼피사료,그레인프리랩,그레인프리랩 퍼피사료,71534,1559,다이어트,습식,닭고기|홍합추출물|연어,퍼피사료|다이어트|닭고기|홍합추출물|연어|습식|닭고기함유,퍼피사료 제품으로 닭고기/홍합추출물 성분을 담았습니다.
F0033,사료,실버사료,퍼피랩,퍼피랩 실버사료,26076,3903,다이어트,습식,고구마|현미,실버사료|다이어트|고구마|현미|습식,실버사료 제품으로 고구마/현미 성분을 담았습니다.
F0034,사료,건식사료,그레인프리랩,그레인프리랩 건식사료,20625,3685,다이어트,건식,스피루리나|프로바이오틱스|현미|오리,건식사료|다이어트|스피루리나|프로바이오틱스|현미|오리|건식,건식사료 제품으로 스피루리나/프로바이오틱스 성분을 담았습니다.
F0035,사료,습식사료,도그밀,도그밀 습식사료,76247,2433,다이어트,습식,고구마|글루코사민|현미,습식사료|다이어트|고구마|글루코사민|현미|습식,습식사료 제품으로 고구마/글루코사민 성분을 담았습니다.
F0036,사료,퍼피사료,헬시포,헬시포 퍼피사료,54334,1841,관절,습식,프로바이오틱스|오리,퍼피사료|관절|프로바이오틱스|오리|습식,퍼피사료 제품으로 프로바이오틱스/오리 성분을 담았습니다.
F0037,사료,습식사료,스노우독,스노우독 습식사료,63802,3524,관절,습식,귀리|현미|오메가3,습식사료|관절|귀리|현미|오메가3|습식,습식사료 제품으로 귀리/현미 성분을 담았습니다.
F0038,사료,퍼피사료,헬시포,헬시포 퍼피사료,72612,4265,공용,건식,소고기|고구마,퍼피사료|소고기|고구마|건식|소고기함유,퍼피사료 제품으로 소고기/고구마 성분을 담았습니다.
F0039,사료,실버사료,도그밀,도그밀 실버사료,63554,3448,공용,공용,유산균|프로바이오틱스|소고기,실버사료|유산균|프로바이오틱스|소고기|소고기함유,실버사료 제품으로 유산균/프로바이오틱스 성분을 담았습니다.
F0040,사료,습식사료,그레인프리랩,그레인프리랩 습식사료,85207,3112,다이어트,습식,홍합추출물|오메가3,습식사료|다이어트|홍합추출물|오메가3|습식,습식사료 제품으로 홍합추출물/오메가3 성분을 담았습니다.
F0041,사료,퍼피사료,퍼피랩,퍼피랩 퍼피사료,47021,2961,공용,건식,현미|오메가3|연어|소고기,퍼피사료|현미|오메가3|연어|소고기|건식|소고기함유,퍼피사료 제품으로 현미/오메가3 성분을 담았습니다.
F0042,사료,습식사료,와일드포,와일드포 습식사료,58982,1859,관절,습식,오메가3|프로바이오틱스|스피루리나|연어,습식사료|관절|유기농|오메가3|프로바이오틱스|스피루리나|연어|습식,습식사료 제품으로 오메가3/프로바이오틱스 성분을 담았습니다.
F0043,사료,습식사료,도그밀,도그밀 습식사료,16383,1383,공용,습식,오리|고구마|귀리,습식사료|오리|고구마|귀리|습식,습식사료 제품으로 오리/고구마 성분을 담았습니다.
F0044,사료,실버사료,멍푸드,멍푸드 실버사료,59134,4946,다이어트,건식,글루코사민|스피루리나|홍합추출물|고구마,실버사료|다이어트|글루코사민|스피루리나|홍합추출물|고구마|건식,실버사료 제품으로 글루코사민/스피루리나 성분을 담았습니다.
F0045,사료,건식사료,와일드포,와일드포 건식사료,36966,619,피부,건식,고구마|단호박|홍합추출물|연어,건식사료|피부|유기농|고구마|단호박|홍합추출물|연어|건식,건식사료 제품으로 고구마/단호박 성분을 담았습니다.
F0046,사료,습식사료,헬시포,헬시포 습식사료,63997,2864,공용,습식,홍합추출물|글루코사민,습식사료|홍합추출물|글루코사민|습식,습식사료 제품으로 홍합추출물/글루코사민 성분을 담았습니다.
F0047,사료,퍼피사료,바크앤조이,바크앤조이 퍼피사료,38130,3456,다이어트,공용,귀리|닭고기,퍼피사료|다이어트|유기농|귀리|닭고기|닭고기함유,퍼피사료 제품으로 귀리/닭고기 성분을 담았습니다.
F0048,사료,습식사료,헬시포,헬시포 습식사료,23904,1705,피부,습식,닭고기|오리,습식사료|피부|닭고기|오리|습식|닭고기함유,습식사료 제품으로 닭고기/오리 성분을 담았습니다.
F0049,사료,건식사료,펫키친,펫키친 건식사료,23973,617,관절,건식,소고기|글루코사민|단호박|현미,건식사료|관절|소고기|글루코사민|단호박|현미|건식|소고기함유,건식사료 제품으로 소고기/글루코사민 성분을 담았습니다.
F0050,사료,퍼피사료,멍푸드,멍푸드 퍼피사료,67187,1663,공용,건식,오메가3|홍합추출물|스피루리나,퍼피사료|오메가3|홍합추출물|스피루리나|건식,퍼피사료 제품으로 오메가3/홍합추출물 성분을 담았습니다.
F0051,사료,퍼피사료,헬시포,헬시포 퍼피사료,31726,2010,피부,공용,소고기|오메가3|닭고기,퍼피사료|피부|소고기|오메가3|닭고기|소고기함유|닭고기함유,퍼피사료 제품으로 소고기/오메가3 성분을 담았습니다.
F0052,사료,퍼피사료,펫키친,펫키친 퍼피사료,24578,2001,피부,습식,단호박|유산균|연어|현미,퍼피사료|피부|단호박|유산균|연어|현미|습식,퍼피사료 제품으로 단호박/유산균 성분을 담았습니다.
F0053,사료,습식사료,헬시포,헬시포 습식사료,50123,2795,공용,습식,현미|귀리|홍합추출물,습식사료|현미|귀리|홍합추출물|습식,습식사료 제품으로 현미/귀리 성분을 담았습니다.
F0054,사료,건식사료,스노우독,스노우독 건식사료,37308,2227,관절,건식,오메가3|스피루리나|오리|귀리,건식사료|관절|오메가3|스피루리나|오리|귀리|건식,건식사료 제품으로 오메가3/스피루리나 성분을 담았습니다.
F0055,사료,습식사료,도그밀,도그밀 습식사료,69865,4846,공용,습식,홍합추출물|글루코사민,습식사료|홍합추출물|글루코사민|습식,습식사료 제품으로 홍합추출물/글루코사민 성분을 담았습니다.
F0056,사료,건식사료,바크앤조이,바크앤조이 건식사료,59126,3276,다이어트,건식,오메가3|홍합추출물|고구마|글루코사민,건식사료|다이어트|오메가3|홍합추출물|고구마|글루코사민|건식,건식사료 제품으로 오메가3/홍합추출물 성분을 담았습니다.
F0057,사료,퍼피사료,펫키친,펫키친 퍼피사료,44704,1273,피부,습식,프로바이오틱스|고구마|현미|단호박,퍼피사료|피부|프로바이오틱스|고구마|현미|단호박|습식,퍼피사료 제품으로 프로바이오틱스/고구마 성분을 담았습니다.
F0058,사료,퍼피사료,헬시포,헬시포 퍼피사료,21773,824,공용,건식,유산균|닭고기|글루코사민,퍼피사료|유산균|닭고기|글루코사민|건식|닭고기함유,퍼피사료 제품으로 유산균/닭고기 성분을 담았습니다.
F0059,사료,실버사료,그레인프리랩,그레인프리랩 실버사료,59792,4992,피부,습식,오메가3|닭고기|소고기,실버사료|피부|오메가3|닭고기|소고기|습식|소고기함유|닭고기함유,실버사료 제품으로 오메가3/닭고기 성분을 담았습니다.
F0060,사료,건식사료,와일드포,와일드포 건식사료,80052,3846,피부,건식,소고기|오리|고구마|연어,건식사료|피부|소고기|오리|고구마|연어|소고기함유|건식,건식사료 제품으로 소고기/오리 성분을 담았습니다.
F0061,사료,습식사료,도그밀,도그밀 습식사료,61273,1977,피부,습식,홍합추출물|연어|단호박,습식사료|피부|홍합추출물|연어|단호박|습식,습식사료 제품으로 홍합추출물/연어 성분을 담았습니다.
F0062,사료,건식사료,그레인프리랩,그레인프리랩 건식사료,31886,4435,관절,건식,프로바이오틱스|홍합추출물|현미,건식사료|관절|프로바이오틱스|홍합추출물|현미|건식,건식사료 제품으로 프로바이오틱스/홍합추출물 성분을 담았습니다.
F0063,사료,건식사료,도그밀,도그밀 건식사료,30540,898,관절,건식,귀리|프로바이오틱스,건식사료|관절|귀리|프로바이오틱스|건식,건식사료 제품으로 귀리/프로바이오틱스 성분을 담았습니다.
F0064,사료,건식사료,멍푸드,멍푸드 건식사료,71660,3650,공용,건식,연어|유산균|프로바이오틱스|오메가3,건식사료|연어|유산균|프로바이오틱스|오메가3|건식,건식사료 제품으로 연어/유산균 성분을 담았습니다.
F0065,사료,퍼피사료,퍼피랩,퍼피랩 퍼피사료,79521,2679,공용,건식,연어|귀리|오리|홍합추출물,퍼피사료|연어|귀리|오리|홍합추출물|건식,퍼피사료 제품으로 연어/귀리 성분을 담았습니다.
F0066,사료,습식사료,스노우독,스노우독 습식사료,71895,2349,피부,습식,오메가3|스피루리나|귀리,습식사료|피부|오메가3|스피루리나|귀리|습식,습식사료 제품으로 오메가3/스피루리나 성분을 담았습니다.
F0067,사료,퍼피사료,도그밀,도그밀 퍼피사료,70098,3587,공용,습식,오리|고구마|소고기|유산균,퍼피사료|오리|고구마|소고기|유산균|습식|소고기함유,퍼피사료 제품으로 오리/고구마 성분을 담았습니다.
F0068,사료,건식사료,와일드포,와일드포 건식사료,54123,870,피부,건식,글루코사민|유산균|닭고기,건식사료|피부|유기농|글루코사민|유산균|닭고기|건식|닭고기함유,건식사료 제품으로 글루코사민/유산균 성분을 담았습니다.
F0069,사료,실버사료,그레인프리랩,그레인프리랩 실버사료,55274,1636,공용,습식,스피루리나|유산균,실버사료|스피루리나|유산균|습식,실버사료 제품으로 스피루리나/유산균 성분을 담았습니다.
F0070,사료,퍼피사료,그레인프리랩,그레인프리랩 퍼피사료,55125,4465,다이어트,공용,글루코사민|단호박,퍼피사료|다이어트|글루코사민|단호박,퍼피사료 제품으로 글루코사민/단호박 성분을 담았습니다.
F0071,사료,실버사료,네이처독,네이처독 실버사료,82891,1804,공용,공용,프로바이오틱스|소고기|홍합추출물|현미,실버사료|프로바이오틱스|소고기|홍합추출물|현미|소고기함유,실버사료 제품으로 프로바이오틱스/소고기 성분을 담았습니다.
F0072,사료,퍼피사료,네이처독,네이처독 퍼피사료,49418,942,다이어트,습식,단호박|고구마|스피루리나,퍼피사료|다이어트|단호박|고구마|스피루리나|습식,퍼피사료 제품으로 단호박/고구마 성분을 담았습니다.
F0073,사료,퍼피사료,펫키친,펫키친 퍼피사료,76785,3436,피부,공용,오메가3|오리|소고기,퍼피사료|피부|오메가3|오리|소고기|소고기함유,퍼피사료 제품으로 오메가3/오리 성분을 담았습니다.
F0074,사료,건식사료,와일드포,와일드포 건식사료,26894,694,피부,건식,글루코사민|스피루리나|프로바이오틱스|연어,건식사료|피부|글루코사민|스피루리나|프로바이오틱스|연어|건식,건식사료 제품으로 글루코사민/스피루리나 성분을 담았습니다.
F0075,사료,실버사료,네이처독,네이처독 실버사료,34127,1260,관절,건식,단호박|현미,실버사료|관절|단호박|현미|건식,실버사료 제품으로 단호박/현미 성분을 담았습니다.
F0076,사료,건식사료,그레인프리랩,그레인프리랩 건식사료,22252,1295,피부,건식,글루코사민|단호박|스피루리나,건식사료|피부|글루코사민|단호박|스피루리나|건식,건식사료 제품으로 글루코사민/단호박 성분을 담았습니다.
F0077,사료,건식사료,퍼피랩,퍼피랩 건식사료,17386,4571,피부,건식,프로바이오틱스|글루코사민,건식사료|피부|프로바이오틱스|글루코사민|건식,건식사료 제품으로 프로바이오틱스/글루코사민 성분을 담았습니다.
F0078,사료,퍼피사료,그레인프리랩,그레인프리랩 퍼피사료,83677,4675,공용,습식,단호박|고구마,퍼피사료|단호박|고구마|습식,퍼피사료 제품으로 단호박/고구마 성분을 담았습니다.
F0079,사료,퍼피사료,그레인프리랩,그레인프리랩 퍼피사료,49192,3144,관절,건식,고구마|단호박|오메가3|글루코사민,퍼피사료|관절|고구마|단호박|오메가3|글루코사민|건식,퍼피사료 제품으로 고구마/단호박 성분을 담았습니다.
F0080,사료,실버사료,스노우독,스노우독 실버사료,15212,1719,공용,건식,프로바이오틱스|연어,실버사료|프로바이오틱스|연어|건식,실버사료 제품으로 프로바이오틱스/연어 성분을 담았습니다.
F0081,사료,습식사료,와일드포,와일드포 습식사료,56963,610,공용,습식,유산균|프로바이오틱스|오메가3|닭고기,습식사료|유산균|프로바이오틱스|오메가3|닭고기|닭고기함유|습식,습식사료 제품으로 유산균/프로바이오틱스 성분을 담았습니다.
F0082,사료,건식사료,도그밀,도그밀 건식사료,58328,4668,공용,건식,연어|고구마|글루코사민,건식사료|연어|고구마|글루코사민|건식,건식사료 제품으로 연어/고구마 성분을 담았습니다.
F0083,사료,건식사료,네이처독,네이처독 건식사료,39125,3174,공용,건식,유산균|연어,건식사료|유산균|연어|건식,건식사료 제품으로 유산균/연어 성분을 담았습니다.
F0084,사료,건식사료,멍푸드,멍푸드 건식사료,88584,2962,피부,건식,글루코사민|홍합추출물|오메가3,건식사료|피부|글루코사민|홍합추출물|오메가3|건식,건식사료 제품으로 글루코사민/홍합추출물 성분을 담았습니다.
F0085,사료,실버사료,와일드포,와일드포 실버사료,74491,3403,공용,공용,홍합추출물|소고기|연어|글루코사민,실버사료|홍합추출물|소고기|연어|글루코사민|소고기함유,실버사료 제품으로 홍합추출물/소고기 성분을 담았습니다.
F0086,사료,건식사료,스노우독,스노우독 건식사료,31050,2142,관절,건식,귀리|오메가3|유산균|고구마,건식사료|관절|귀리|오메가3|유산균|고구마|건식,건식사료 제품으로 귀리/오메가3 성분을 담았습니다.
F0087,사료,건식사료,헬시포,헬시포 건식사료,19733,2594,다이어트,건식,프로바이오틱스|오리,건식사료|다이어트|프로바이오틱스|오리|건식,건식사료 제품으로 프로바이오틱스/오리 성분을 담았습니다.
F0088,사료,퍼피사료,바크앤조이,바크앤조이 퍼피사료,83550,4414,다이어트,습식,단호박|현미|고구마|프로바이오틱스,퍼피사료|다이어트|단호박|현미|고구마|프로바이오틱스|습식,퍼피사료 제품으로 단호박/현미 성분을 담았습니다.
F0089,사료,습식사료,스노우독,스노우독 습식사료,21642,602,관절,습식,고구마|현미,습식사료|관절|유기농|고구마|현미|습식,습식사료 제품으로 고구마/현미 성분을 담았습니다.
F0090,사료,퍼피사료,스노우독,스노우독 퍼피사료,57745,2095,관절,건식,유산균|글루코사민|귀리|오메가3,퍼피사료|관절|유기농|유산균|글루코사민|귀리|오메가3|건식,퍼피사료 제품으로 유산균/글루코사민 성분을 담았습니다.
F0091,사료,습식사료,펫키친,펫키친 습식사료,66973,2440,공용,습식,오리|홍합추출물|고구마|프로바이오틱스,습식사료|유기농|오리|홍합추출물|고구마|프로바이오틱스|습식,습식사료 제품으로 오리/홍합추출물 성분을 담았습니다.
F0092,사료,건식사료,그레인프리랩,그레인프리랩 건식사료,72998,4818,다이어트,건식,닭고기|글루코사민|스피루리나,건식사료|다이어트|닭고기|글루코사민|스피루리나|닭고기함유|건식,건식사료 제품으로 닭고기/글루코사민 성분을 담았습니다.
F0093,사료,건식사료,도그밀,도그밀 건식사료,77558,3678,피부,건식,현미|스피루리나|오메가3,건식사료|피부|현미|스피루리나|오메가3|건식,건식사료 제품으로 현미/스피루리나 성분을 담았습니다.
F0094,사료,실버사료,스노우독,스노우독 실버사료,88003,4231,피부,습식,연어|귀리|스피루리나|글루코사민,실버사료|피부|연어|귀리|스피루리나|글루코사민|습식,실버사료 제품으로 연어/귀리 성분을 담았습니다.
F0095,사료,건식사료,스노우독,스노우독 건식사료,52725,3824,다이어트,건식,스피루리나|프로바이오틱스,건식사료|다이어트|유기농|스피루리나|프로바이오틱스|건식,건식사료 제품으로 스피루리나/프로바이오틱스 성분을 담았습니다.
F0096,사료,실버사료,퍼피랩,퍼피랩 실버사료,34693,2186,관절,습식,스피루리나|오리|홍합추출물|글루코사민,실버사료|관절|스피루리나|오리|홍합추출물|글루코사민|습식,실버사료 제품으로 스피루리나/오리 성분을 담았습니다.
F0097,사료,건식사료,와일드포,와일드포 건식사료,61495,4144,관절,건식,귀리|단호박|연어,건식사료|관절|귀리|단호박|연어|건식,건식사료 제품으로 귀리/단호박 성분을 담았습니다.
F0098,사료,실버사료,그레인프리랩,그레인프리랩 실버사료,37996,2801,피부,습식,닭고기|오리,실버사료|피부|닭고기|오리|습식|닭고기함유,실버사료 제품으로 닭고기/오리 성분을 담았습니다.
F0099,사료,건식사료,스노우독,스노우독 건식사료,76807,2286,피부,건식,소고기|스피루리나,건식사료|피부|소고기|스피루리나|소고기함유|건식,건식사료 제품으로 소고기/스피루리나 성분을 담았습니다.
F0100,사료,퍼피사료,스노우독,스노우독 퍼피사료,72436,4095,다이어트,건식,프로바이오틱스|단호박|고구마|소고기,퍼피사료|다이어트|프로바이오틱스|단호박|고구마|소고기|건식|소고기함유,퍼피사료 제품으로 프로바이오틱스/단호박 성분을 담았습니다.
F0101,간식,트릿,헬시포,헬시포 트릿,16448,62,관절,공용,오리|연어,트릿|관절|유기농|오리|연어,트릿 제품으로 오리/연어 성분을 담았습니다.
F0102,간식,동결건조간식,멍푸드,멍푸드 동결건조간식,8557,241,관절,건식,스피루리나|글루코사민|소고기,동결건조간식|관절|스피루리나|글루코사민|소고기|건식|소고기함유,동결건조간식 제품으로 스피루리나/글루코사민 성분을 담았습니다.
F0103,간식,동결건조간식,바크앤조이,바크앤조이 동결건조간식,5115,308,공용,습식,오메가3|소고기|단호박,동결건조간식|오메가3|소고기|단호박|습식|소고기함유,동결건조간식 제품으로 오메가3/소고기 성분을 담았습니다.
F0104,간식,동결건조간식,도그밀,도그밀 동결건조간식,11286,374,공용,건식,유산균|소고기|글루코사민,동결건조간식|유산균|소고기|글루코사민|건식|소고기함유,동결건조간식 제품으로 유산균/소고기 성분을 담았습니다.
F0105,간식,동결건조간식,그레인프리랩,그레인프리랩 동결건조간식,3249,497,다이어트,공용,연어|고구마|글루코사민|홍합추출물,동결건조간식|다이어트|연어|고구마|글루코사민|홍합추출물,동결건조간식 제품으로 연어/고구마 성분을 담았습니다.
F0106,간식,덴탈껌,네이처독,네이처독 덴탈껌,11135,231,관절,습식,스피루리나|귀리|오메가3|글루코사민,덴탈껌|관절|스피루리나|귀리|오메가3|글루코사민|습식,덴탈껌 제품으로 스피루리나/귀리 성분을 담았습니다.
F0107,간식,덴탈껌,도그밀,도그밀 덴탈껌,14098,331,공용,습식,유산균|현미,덴탈껌|유기농|유산균|현미|습식,덴탈껌 제품으로 유산균/현미 성분을 담았습니다.
F0108,간식,덴탈껌,퍼피랩,퍼피랩 덴탈껌,22880,294,공용,공용,오메가3|단호박,덴탈껌|오메가3|단호박,덴탈껌 제품으로 오메가3/단호박 성분을 담았습니다.
F0109,간식,수제간식,와일드포,와일드포 수제간식,18995,407,공용,습식,소고기|귀리|단호박,수제간식|소고기|귀리|단호박|습식|소고기함유,수제간식 제품으로 소고기/귀리 성분을 담았습니다.
F0110,간식,트릿,펫키친,펫키친 트릿,14784,52,피부,건식,연어|닭고기|글루코사민|소고기,트릿|피부|연어|닭고기|글루코사민|소고기|건식|소고기함유|닭고기함유,트릿 제품으로 연어/닭고기 성분을 담았습니다.
F0111,간식,동결건조간식,바크앤조이,바크앤조이 동결건조간식,10304,461,관절,건식,프로바이오틱스|유산균,동결건조간식|관절|프로바이오틱스|유산균|건식,동결건조간식 제품으로 프로바이오틱스/유산균 성분을 담았습니다.
F0112,간식,수제간식,바크앤조이,바크앤조이 수제간식,9029,242,공용,공용,프로바이오틱스|소고기,수제간식|프로바이오틱스|소고기|소고기함유,수제간식 제품으로 프로바이오틱스/소고기 성분을 담았습니다.
F0113,간식,동결건조간식,헬시포,헬시포 동결건조간식,5389,56,공용,건식,현미|닭고기|스피루리나,동결건조간식|현미|닭고기|스피루리나|건식|닭고기함유,동결건조간식 제품으로 현미/닭고기 성분을 담았습니다.
F0114,간식,동결건조간식,도그밀,도그밀 동결건조간식,15003,161,관절,건식,닭고기|글루코사민|스피루리나|현미,동결건조간식|관절|닭고기|글루코사민|스피루리나|현미|건식|닭고기함유,동결건조간식 제품으로 닭고기/글루코사민 성분을 담았습니다.
F0115,간식,수제간식,와일드포,와일드포 수제간식,24841,148,공용,공용,스피루리나|현미,수제간식|스피루리나|현미,수제간식 제품으로 스피루리나/현미 성분을 담았습니다.
F0116,간식,수제간식,도그밀,도그밀 수제간식,13041,299,공용,건식,현미|소고기,수제간식|현미|소고기|건식|소고기함유,수제간식 제품으로 현미/소고기 성분을 담았습니다.
F0117,간식,동결건조간식,그레인프리랩,그레인프리랩 동결건조간식,21322,494,관절,습식,오메가3|닭고기|연어|소고기,동결건조간식|관절|오메가3|닭고기|연어|소고기|습식|소고기함유|닭고기함유,동결건조간식 제품으로 오메가3/닭고기 성분을 담았습니다.
F0118,간식,트릿,펫키친,펫키친 트릿,21591,449,공용,습식,스피루리나|홍합추출물|귀리|프로바이오틱스,트릿|스피루리나|홍합추출물|귀리|프로바이오틱스|습식,트릿 제품으로 스피루리나/홍합추출물 성분을 담았습니다.
F0119,간식,덴탈껌,도그밀,도그밀 덴탈껌,19614,305,다이어트,건식,단호박|유산균|오리,덴탈껌|다이어트|단호박|유산균|오리|건식,덴탈껌 제품으로 단호박/유산균 성분을 담았습니다.
F0120,간식,수제간식,퍼피랩,퍼피랩 수제간식,9983,111,공용,공용,현미|단호박|닭고기,수제간식|현미|단호박|닭고기|닭고기함유,수제간식 제품으로 현미/단호박 성분을 담았습니다.
F0121,간식,덴탈껌,펫키친,펫키친 덴탈껌,6012,476,공용,습식,오메가3|단호박|귀리|고구마,덴탈껌|오메가3|단호박|귀리|고구마|습식,덴탈껌 제품으로 오메가3/단호박 성분을 담았습니다.
F0122,간식,수제간식,바크앤조이,바크앤조이 수제간식,20983,140,다이어트,건식,연어|현미|홍합추출물|귀리,수제간식|다이어트|연어|현미|홍합추출물|귀리|건식,수제간식 제품으로 연어/현미 성분을 담았습니다.
F0123,간식,수제간식,그레인프리랩,그레인프리랩 수제간식,15942,480,피부,공용,오메가3|소고기,수제간식|피부|오메가3|소고기|소고기함유,수제간식 제품으로 오메가3/소고기 성분을 담았습니다.
F0124,간식,수제간식,와일드포,와일드포 수제간식,23333,177,피부,건식,오리|고구마,수제간식|피부|오리|고구마|건식,수제간식 제품으로 오리/고구마 성분을 담았습니다.
F0125,간식,트릿,그레인프리랩,그레인프리랩 트릿,8359,345,다이어트,공용,홍합추출물|고구마,트릿|다이어트|유기농|홍합추출물|고구마,트릿 제품으로 홍합추출물/고구마 성분을 담았습니다.
F0126,간식,동결건조간식,퍼피랩,퍼피랩 동결건조간식,3011,152,다이어트,건식,고구마|닭고기,동결건조간식|다이어트|고구마|닭고기|건식|닭고기함유,동결건조간식 제품으로 고구마/닭고기 성분을 담았습니다.
F0127,간식,덴탈껌,멍푸드,멍푸드 덴탈껌,24202,214,관절,공용,오리|프로바이오틱스,덴탈껌|관절|유기농|오리|프로바이오틱스,덴탈껌 제품으로 오리/프로바이오틱스 성분을 담았습니다.
F0128,간식,수제간식,헬시포,헬시포 수제간식,9931,391,피부,습식,연어|고구마,수제간식|피부|연어|고구마|습식,수제간식 제품으로 연어/고구마 성분을 담았습니다.
F0129,간식,트릿,와일드포,와일드포 트릿,8934,270,공용,공용,단호박|유산균|오메가3|고구마,트릿|단호박|유산균|오메가3|고구마,트릿 제품으로 단호박/유산균 성분을 담았습니다.
F0130,간식,동결건조간식,헬시포,헬시포 동결건조간식,14772,422,관절,공용,스피루리나|오리|연어|닭고기,동결건조간식|관절|스피루리나|오리|연어|닭고기|닭고기함유,동결건조간식 제품으로 스피루리나/오리 성분을 담았습니다.
F0131,간식,트릿,퍼피랩,퍼피랩 트릿,10721,58,관절,습식,고구마|소고기|닭고기|현미,트릿|관절|고구마|소고기|닭고기|현미|습식|소고기함유|닭고기함유,트릿 제품으로 고구마/소고기 성분을 담았습니다.
F0132,간식,덴탈껌,스노우독,스노우독 덴탈껌,15993,84,관절,건식,현미|오메가3|고구마,덴탈껌|관절|유기농|현미|오메가3|고구마|건식,덴탈껌 제품으로 현미/오메가3 성분을 담았습니다.
F0133,간식,수제간식,스노우독,스노우독 수제간식,8883,442,다이어트,공용,소고기|연어,수제간식|다이어트|소고기|연어|소고기함유,수제간식 제품으로 소고기/연어 성분을 담았습니다.
F0134,간식,동결건조간식,바크앤조이,바크앤조이 동결건조간식,15693,101,관절,습식,홍합추출물|단호박|연어,동결건조간식|관절|홍합추출물|단호박|연어|습식,동결건조간식 제품으로 홍합추출물/단호박 성분을 담았습니다.
F0135,간식,덴탈껌,퍼피랩,퍼피랩 덴탈껌,15221,71,다이어트,건식,오리|연어|소고기,덴탈껌|다이어트|유기농|오리|연어|소고기|건식|소고기함유,덴탈껌 제품으로 오리/연어 성분을 담았습니다.
F0136,간식,트릿,도그밀,도그밀 트릿,22918,84,피부,습식,현미|홍합추출물,트릿|피부|현미|홍합추출물|습식,트릿 제품으로 현미/홍합추출물 성분을 담았습니다.
F0137,간식,덴탈껌,스노우독,스노우독 덴탈껌,12095,181,피부,공용,프로바이오틱스|유산균|오리,덴탈껌|피부|유기농|프로바이오틱스|유산균|오리,덴탈껌 제품으로 프로바이오틱스/유산균 성분을 담았습니다.
F0138,간식,동결건조간식,멍푸드,멍푸드 동결건조간식,11800,302,관절,건식,연어|단호박|글루코사민|고구마,동결건조간식|관절|연어|단호박|글루코사민|고구마|건식,동결건조간식 제품으로 연어/단호박 성분을 담았습니다.
F0139,간식,동결건조간식,멍푸드,멍푸드 동결건조간식,18078,290,관절,습식,닭고기|고구마|프로바이오틱스,동결건조간식|관절|닭고기|고구마|프로바이오틱스|습식|닭고기함유,동결건조간식 제품으로 닭고기/고구마 성분을 담았습니다.
F0140,간식,수제간식,스노우독,스노우독 수제간식,4406,432,다이어트,건식,귀리|프로바이오틱스|단호박,수제간식|다이어트|유기농|귀리|프로바이오틱스|단호박|건식,수제간식 제품으로 귀리/프로바이오틱스 성분을 담았습니다.
F0141,간식,동결건조간식,펫키친,펫키친 동결건조간식,23819,393,다이어트,습식,귀리|유산균,동결건조간식|다이어트|귀리|유산균|습식,동결건조간식 제품으로 귀리/유산균 성분을 담았습니다.
F0142,간식,덴탈껌,바크앤조이,바크앤조이 덴탈껌,6773,313,공용,공용,스피루리나|글루코사민|단호박,덴탈껌|스피루리나|글루코사민|단호박,덴탈껌 제품으로 스피루리나/글루코사민 성분을 담았습니다.
F0143,간식,트릿,헬시포,헬시포 트릿,23975,389,다이어트,건식,현미|홍합추출물,트릿|다이어트|현미|홍합추출물|건식,트릿 제품으로 현미/홍합추출물 성분을 담았습니다.
F0144,간식,수제간식,도그밀,도그밀 수제간식,16055,56,피부,건식,고구마|닭고기,수제간식|피부|고구마|닭고기|건식|닭고기함유,수제간식 제품으로 고구마/닭고기 성분을 담았습니다.
F0145,간식,덴탈껌,멍푸드,멍푸드 덴탈껌,3236,446,공용,건식,닭고기|고구마,덴탈껌|닭고기|고구마|건식|닭고기함유,덴탈껌 제품으로 닭고기/고구마 성분을 담았습니다.
F0146,간식,덴탈껌,와일드포,와일드포 덴탈껌,21766,256,공용,습식,홍합추출물|유산균,덴탈껌|홍합추출물|유산균|습식,덴탈껌 제품으로 홍합추출물/유산균 성분을 담았습니다.
F0147,간식,수제간식,도그밀,도그밀 수제간식,7987,94,피부,건식,고구마|오메가3|소고기|글루코사민,수제간식|피부|고구마|오메가3|소고기|글루코사민|건식|소고기함유,수제간식 제품으로 고구마/오메가3 성분을 담았습니다.
F0148,간식,동결건조간식,헬시포,헬시포 동결건조간식,6663,218,피부,건식,프로바이오틱스|홍합추출물|고구마,동결건조간식|피부|프로바이오틱스|홍합추출물|고구마|건식,동결건조간식 제품으로 프로바이오틱스/홍합추출물 성분을 담았습니다.
F0149,간식,트릿,네이처독,네이처독 트릿,11713,245,공용,공용,연어|글루코사민|귀리|현미,트릿|연어|글루코사민|귀리|현미,트릿 제품으로 연어/글루코사민 성분을 담았습니다.
F0150,간식,동결건조간식,와일드포,와일드포 동결건조간식,20482,328,피부,공용,프로바이오틱스|스피루리나|귀리|연어,동결건조간식|피부|프로바이오틱스|스피루리나|귀리|연어,동결건조간식 제품으로 프로바이오틱스/스피루리나 성분을 담았습니다.
F0151,간식,동결건조간식,그레인프리랩,그레인프리랩 동결건조간식,17764,71,관절,공용,고구마|오메가3|귀리,동결건조간식|관절|고구마|오메가3|귀리,동결건조간식 제품으로 고구마/오메가3 성분을 담았습니다.
F0152,간식,수제간식,멍푸드,멍푸드 수제간식,4936,69,다이어트,습식,유산균|오리,수제간식|다이어트|유산균|오리|습식,수제간식 제품으로 유산균/오리 성분을 담았습니다.
F0153,간식,수제간식,바크앤조이,바크앤조이 수제간식,21770,327,피부,건식,스피루리나|글루코사민,수제간식|피부|스피루리나|글루코사민|건식,수제간식 제품으로 스피루리나/글루코사민 성분을 담았습니다.
F0154,간식,트릿,네이처독,네이처독 트릿,15611,206,피부,건식,연어|단호박|고구마,트릿|피부|연어|단호박|고구마|건식,트릿 제품으로 연어/단호박 성분을 담았습니다.
F0155,간식,수제간식,그레인프리랩,그레인프리랩 수제간식,12780,172,다이어트,습식,소고기|유산균|프로바이오틱스,수제간식|다이어트|유기농|소고기|유산균|프로바이오틱스|습식|소고기함유,수제간식 제품으로 소고기/유산균 성분을 담았습니다.
F0156,간식,트릿,그레인프리랩,그레인프리랩 트릿,23882,257,다이어트,건식,고구마|프로바이오틱스|오메가3|스피루리나,트릿|다이어트|고구마|프로바이오틱스|오메가3|스피루리나|건식,트릿 제품으로 고구마/프로바이오틱스 성분을 담았습니다.
F0157,간식,덴탈껌,그레인프리랩,그레인프리랩 덴탈껌,7276,119,피부,공용,고구마|단호박,덴탈껌|피부|고구마|단호박,덴탈껌 제품으로 고구마/단호박 성분을 담았습니다.
F0158,간식,트릿,헬시포,헬시포 트릿,10493,98,다이어트,건식,스피루리나|연어|오메가3|귀리,트릿|다이어트|스피루리나|연어|오메가3|귀리|건식,트릿 제품으로 스피루리나/연어 성분을 담았습니다.
F0159,간식,트릿,멍푸드,멍푸드 트릿,21276,368,다이어트,공용,연어|프로바이오틱스|오메가3|고구마,트릿|다이어트|연어|프로바이오틱스|오메가3|고구마,트릿 제품으로 연어/프로바이오틱스 성분을 담았습니다.
F0160,간식,수제간식,그레인프리랩,그레인프리랩 수제간식,21160,339,공용,습식,연어|홍합추출물|고구마|유산균,수제간식|연어|홍합추출물|고구마|유산균|습식,수제간식 제품으로 연어/홍합추출물 성분을 담았습니다.
F0161,간식,트릿,멍푸드,멍푸드 트릿,18758,344,피부,건식,현미|오리|홍합추출물,트릿|피부|유기농|현미|오리|홍합추출물|건식,트릿 제품으로 현미/오리 성분을 담았습니다.
F0162,간식,동결건조간식,헬시포,헬시포 동결건조간식,17047,192,다이어트,습식,홍합추출물|글루코사민,동결건조간식|다이어트|홍합추출물|글루코사민|습식,동결건조간식 제품으로 홍합추출물/글루코사민 성분을 담았습니다.
F0163,간식,덴탈껌,멍푸드,멍푸드 덴탈껌,17854,188,다이어트,건식,홍합추출물|닭고기,덴탈껌|다이어트|홍합추출물|닭고기|건식|닭고기함유,덴탈껌 제품으로 홍합추출물/닭고기 성분을 담았습니다.
F0164,간식,수제간식,헬시포,헬시포 수제간식,17702,466,관절,습식,닭고기|스피루리나,수제간식|관절|닭고기|스피루리나|습식|닭고기함유,수제간식 제품으로 닭고기/스피루리나 성분을 담았습니다.
F0165,간식,트릿,헬시포,헬시포 트릿,20966,137,공용,공용,소고기|고구마|연어|홍합추출물,트릿|소고기|고구마|연어|홍합추출물|소고기함유,트릿 제품으로 소고기/고구마 성분을 담았습니다.
F0166,간식,수제간식,그레인프리랩,그레인프리랩 수제간식,15009,83,다이어트,건식,유산균|오리,수제간식|다이어트|유기농|유산균|오리|건식,수제간식 제품으로 유산균/오리 성분을 담았습니다.
F0167,간식,트릿,펫키친,펫키친 트릿,7929,350,공용,건식,현미|단호박,트릿|현미|단호박|건식,트릿 제품으로 현미/단호박 성분을 담았습니다.
F0168,간식,덴탈껌,그레인프리랩,그레인프리랩 덴탈껌,18242,170,공용,건식,닭고기|귀리,덴탈껌|닭고기|귀리|건식|닭고기함유,덴탈껌 제품으로 닭고기/귀리 성분을 담았습니다.
F0169,간식,수제간식,펫키친,펫키친 수제간식,4713,182,다이어트,습식,현미|유산균|스피루리나,수제간식|다이어트|현미|유산균|스피루리나|습식,수제간식 제품으로 현미/유산균 성분을 담았습니다.
F0170,간식,수제간식,네이처독,네이처독 수제간식,16053,156,공용,습식,글루코사민|유산균|연어|오리,수제간식|유기농|글루코사민|유산균|연어|오리|습식,수제간식 제품으로 글루코사민/유산균 성분을 담았습니다.
F0171,간식,덴탈껌,멍푸드,멍푸드 덴탈껌,5917,279,피부,공용,소고기|단호박|홍합추출물,덴탈껌|피부|소고기|단호박|홍합추출물|소고기함유,덴탈껌 제품으로 소고기/단호박 성분을 담았습니다.
F0172,간식,트릿,헬시포,헬시포 트릿,11707,474,관절,건식,연어|스피루리나,트릿|관절|연어|스피루리나|건식,트릿 제품으로 연어/스피루리나 성분을 담았습니다.
F0173,간식,덴탈껌,바크앤조이,바크앤조이 덴탈껌,18910,176,다이어트,습식,현미|닭고기|연어|스피루리나,덴탈껌|다이어트|현미|닭고기|연어|스피루리나|습식|닭고기함유,덴탈껌 제품으로 현미/닭고기 성분을 담았습니다.
F0174,간식,동결건조간식,멍푸드,멍푸드 동결건조간식,6428,440,다이어트,공용,유산균|소고기,동결건조간식|다이어트|유산균|소고기|소고기함유,동결건조간식 제품으로 유산균/소고기 성분을 담았습니다.
F0175,간식,동결건조간식,그레인프리랩,그레인프리랩 동결건조간식,23843,439,공용,습식,현미|단호박|연어|오리,동결건조간식|현미|단호박|연어|오리|습식,동결건조간식 제품으로 현미/단호박 성분을 담았습니다.
F0176,간식,트릿,그레인프리랩,그레인프리랩 트릿,19964,410,관절,습식,오메가3|연어|소고기,트릿|관절|오메가3|연어|소고기|습식|소고기함유,트릿 제품으로 오메가3/연어 성분을 담았습니다.
F0177,간식,덴탈껌,스노우독,스노우독 덴탈껌,12337,178,관절,습식,닭고기|단호박|프로바이오틱스|귀리,덴탈껌|관절|유기농|닭고기|단호박|프로바이오틱스|귀리|습식|닭고기함유,덴탈껌 제품으로 닭고기/단호박 성분을 담았습니다.
F0178,간식,동결건조간식,도그밀,도그밀 동결건조간식,17442,458,다이어트,습식,유산균|연어|홍합추출물|현미,동결건조간식|다이어트|유산균|연어|홍합추출물|현미|습식,동결건조간식 제품으로 유산균/연어 성분을 담았습니다.
F0179,간식,동결건조간식,스노우독,스노우독 동결건조간식,16020,376,관절,건식,귀리|스피루리나|고구마|프로바이오틱스,동결건조간식|관절|귀리|스피루리나|고구마|프로바이오틱스|건식,동결건조간식 제품으로 귀리/스피루리나 성분을 담았습니다.
F0180,간식,동결건조간식,바크앤조이,바크앤조이 동결건조간식,3276,156,관절,공용,연어|현미|귀리|소고기,동결건조간식|관절|연어|현미|귀리|소고기|소고기함유,동결건조간식 제품으로 연어/현미 성분을 담았습니다.
F0181,간식,동결건조간식,스노우독,스노우독 동결건조간식,18089,58,다이어트,건식,연어|프로바이오틱스|고구마,동결건조간식|다이어트|연어|프로바이오틱스|고구마|건식,동결건조간식 제품으로 연어/프로바이오틱스 성분을 담았습니다.
F0182,간식,덴탈껌,바크앤조이,바크앤조이 덴탈껌,4736,211,피부,공용,연어|고구마|소고기|스피루리나,덴탈껌|피부|연어|고구마|소고기|스피루리나|소고기함유,덴탈껌 제품으로 연어/고구마 성분을 담았습니다.
F0183,간식,트릿,멍푸드,멍푸드 트릿,3845,490,피부,습식,닭고기|스피루리나|유산균,트릿|피부|닭고기|스피루리나|유산균|습식|닭고기함유,트릿 제품으로 닭고기/스피루리나 성분을 담았습니다.
F0184,간식,수제간식,스노우독,스노우독 수제간식,23322,57,피부,공용,단호박|소고기|닭고기|고구마,수제간식|피부|유기농|단호박|소고기|닭고기|고구마|소고기함유|닭고기함유,수제간식 제품으로 단호박/소고기 성분을 담았습니다.
F0185,간식,동결건조간식,헬시포,헬시포 동결건조간식,9494,332,공용,습식,글루코사민|스피루리나|프로바이오틱스,동결건조간식|글루코사민|스피루리나|프로바이오틱스|습식,동결건조간식 제품으로 글루코사민/스피루리나 성분을 담았습니다.
F0186,간식,트릿,도그밀,도그밀 트릿,13048,88,공용,건식,글루코사민|소고기|오메가3|단호박,트릿|글루코사민|소고기|오메가3|단호박|건식|소고기함유,트릿 제품으로 글루코사민/소고기 성분을 담았습니다.
F0187,간식,트릿,도그밀,도그밀 트릿,19173,226,다이어트,습식,오리|프로바이오틱스|단호박,트릿|다이어트|오리|프로바이오틱스|단호박|습식,트릿 제품으로 오리/프로바이오틱스 성분을 담았습니다.
F0188,간식,트릿,네이처독,네이처독 트릿,20628,168,다이어트,습식,단호박|오리,트릿|다이어트|단호박|오리|습식,트릿 제품으로 단호박/오리 성분을 담았습니다.
F0189,간식,동결건조간식,바크앤조이,바크앤조이 동결건조간식,13272,197,공용,습식,소고기|고구마|스피루리나|연어,동결건조간식|소고기|고구마|스피루리나|연어|습식|소고기함유,동결건조간식 제품으로 소고기/고구마 성분을 담았습니다.
F0190,간식,트릿,헬시포,헬시포 트릿,21317,481,공용,건식,오메가3|단호박,트릿|오메가3|단호박|건식,트릿 제품으로 오메가3/단호박 성분을 담았습니다.
F0191,간식,덴탈껌,스노우독,스노우독 덴탈껌,18145,471,공용,건식,프로바이오틱스|현미,덴탈껌|프로바이오틱스|현미|건식,덴탈껌 제품으로 프로바이오틱스/현미 성분을 담았습니다.
F0192,간식,덴탈껌,퍼피랩,퍼피랩 덴탈껌,14537,249,다이어트,습식,단호박|귀리|오리,덴탈껌|다이어트|단호박|귀리|오리|습식,덴탈껌 제품으로 단호박/귀리 성분을 담았습니다.
F0193,간식,트릿,와일드포,와일드포 트릿,5987,293,다이어트,건식,오리|귀리|현미|프로바이오틱스,트릿|다이어트|오리|귀리|현미|프로바이오틱스|건식,트릿 제품으로 오리/귀리 성분을 담았습니다.
F0194,간식,트릿,멍푸드,멍푸드 트릿,9567,232,다이어트,건식,현미|스피루리나|연어,트릿|다이어트|현미|스피루리나|연어|건식,트릿 제품으로 현미/스피루리나 성분을 담았습니다.
F0195,간식,수제간식,와일드포,와일드포 수제간식,20743,135,피부,습식,글루코사민|단호박|연어,수제간식|피부|글루코사민|단호박|연어|습식,수제간식 제품으로 글루코사민/단호박 성분을 담았습니다.
F0196,간식,트릿,스노우독,스노우독 트릿,5374,197,공용,건식,소고기|스피루리나|단호박,트릿|소고기|스피루리나|단호박|건식|소고기함유,트릿 제품으로 소고기/스피루리나 성분을 담았습니다.
F0197,간식,동결건조간식,네이처독,네이처독 동결건조간식,13274,274,관절,습식,현미|닭고기|오리,동결건조간식|관절|현미|닭고기|오리|습식|닭고기함유,동결건조간식 제품으로 현미/닭고기 성분을 담았습니다.
F0198,간식,덴탈껌,멍푸드,멍푸드 덴탈껌,5230,257,공용,건식,홍합추출물|프로바이오틱스|귀리,덴탈껌|유기농|홍합추출물|프로바이오틱스|귀리|건식,덴탈껌 제품으로 홍합추출물/프로바이오틱스 성분을 담았습니다.
F0199,간식,동결건조간식,스노우독,스노우독 동결건조간식,4478,211,다이어트,습식,닭고기|현미|유산균,동결건조간식|다이어트|닭고기|현미|유산균|습식|닭고기함유,동결건조간식 제품으로 닭고기/현미 성분을 담았습니다.
F0200,간식,트릿,도그밀,도그밀 트릿,13261,80,공용,습식,현미|홍합추출물|글루코사민|연어,트릿|현미|홍합추출물|글루코사민|연어|습식,트릿 제품으로 현미/홍합추출물 성분을 담았습니다.
