product_id,category,sub_category,brand,product_name,price,weight_g,target_user_type,key_specs,concerns,tags,description
P0201,PC_Peripherals,게이밍 마우스,키크론랩,키크론랩 X8 SE 게이밍 마우스,97900,49,FPS유저,유선 연결|1000Hz 폴링레이트|26000DPI 광학센서,그립감|손목피로|손땀,프리미엄|인체공학|유선|경량,"1000Hz 폴링레이트 기반의 게이밍 마우스, 그립감에 민감한 사용자에게 추천합니다."
P0202,PC_Peripherals,게이밍 키보드,노바핏,노바핏 K1 Lite 게이밍 키보드,327900,1387,FPS유저,무선 3모드|적축,손목피로,장시간배터리|가성비|무선,무선 3모드 방식의 게이밍 키보드. 적축 탑재로 손목피로를 줄였습니다.
P0203,PC_Peripherals,게이밍 마우스,코어웨이브,코어웨이브 P8 Max 게이밍 마우스,68900,56,FPS유저,2.4GHz 무선|1000Hz 폴링레이트,손목피로|그립감|지연시간,가성비|장시간사용|RGB|무선|경량,56g의 게이밍 마우스로 손목피로 걱정 없이 사용할 수 있습니다. 1000Hz 폴링레이트 지원.
P0204,PC_Peripherals,게이밍 키보드,사일런트웍스,사일런트웍스 K7 SE 게이밍 키보드,149900,1144,사무직,유선 연결|청축|적축|갈축,키감,핫스왑|저소음|휴대성|유선,사무직 사용자를 겨냥한 게이밍 키보드. 청축 구성으로 키감을 개선했습니다.
P0205,PC_Peripherals,게이밍 키보드,노바핏,노바핏 P1 Lite 게이밍 키보드,144900,943,FPS유저,유선 연결|청축,손목피로|내구성,가성비|RGB|유선,943g의 게이밍 키보드로 손목피로 걱정 없이 사용할 수 있습니다. 청축 지원.
P0206,PC_Peripherals,무선 이어폰,펄스텍,펄스텍 Z2 무선 이어폰,94900,7,사무직,블루투스 5.3|저지연 게임모드|액티브 노이즈캔슬링|8시간 재생,착용압박|배터리부족|차음성,인체공학|저소음|무선,"저지연 게임모드 기반의 무선 이어폰, 착용압박에 민감한 사용자에게 추천합니다."
P0207,PC_Peripherals,게이밍 마우스,렉스기어,렉스기어 G6 게이밍 마우스,118900,71,FPS유저,유선 연결|광학식 스위치|PTFE 스케이트|26000DPI 광학센서,무게부담,인체공학|장시간사용|유선,71g의 게이밍 마우스로 무게부담 걱정 없이 사용할 수 있습니다. 광학식 스위치 지원.
P0208,PC_Peripherals,게이밍 키보드,코어웨이브,코어웨이브 X2 Max 게이밍 키보드,265900,765,FPS유저,무선 3모드|갈축,손목피로|타건소음,인체공학|RGB|휴대성|무선|경량,FPS유저 사용자를 겨냥한 게이밍 키보드. 갈축 구성으로 손목피로를 개선했습니다.
P0209,PC_Peripherals,무선 이어폰,노바핏,노바핏 K5 SE 무선 이어폰,62900,8,공용,블루투스 5.3|무선충전 지원|멀티포인트|액티브 노이즈캔슬링,배터리부족,장시간사용|인체공학|무선,8g의 무선 이어폰으로 배터리부족 걱정 없이 사용할 수 있습니다. 무선충전 지원 지원.
P0210,PC_Peripherals,게이밍 키보드,펄스텍,펄스텍 G9 SE 게이밍 키보드,114900,1084,사무직,무선 3모드|풀배열|핫스왑 소켓|적축,내구성|채터링,휴대성|가성비|무선,무선 3모드 방식의 게이밍 키보드. 풀배열 탑재로 내구성을 줄였습니다.
P0211,PC_Peripherals,게이밍 마우스,코어웨이브,코어웨이브 G1 SE 게이밍 마우스,93900,90,FPS유저,2.4GHz 무선|8000Hz 폴링레이트|26000DPI 광학센서,손목피로|손땀,인체공학|RGB|무선,90g의 게이밍 마우스로 손목피로 걱정 없이 사용할 수 있습니다. 8000Hz 폴링레이트 지원.
P0212,PC_Peripherals,무선 이어폰,펄스텍,펄스텍 G1 무선 이어폰,237900,5,디자이너,블루투스 5.3|무선충전 지원|저지연 게임모드|IPX4 방수,차음성|착용압박,핫스왑|장시간배터리|프리미엄|무선|경량,무선충전 지원을 적용한 무선 이어폰. 차음성 부담을 줄여 장시간 사용에 적합합니다.
P0213,PC_Peripherals,무선 이어폰,쿼드리움,쿼드리움 X5 Max 무선 이어폰,316900,9,디자이너,블루투스 5.3|8시간 재생|주변음 허용모드,통화품질|착용압박|배터리부족,핫스왑|RGB|인체공학|무선,8시간 재생을 적용한 무선 이어폰. 통화품질 부담을 줄여 장시간 사용에 적합합니다.
P0214,PC_Peripherals,게이밍 마우스,코어웨이브,코어웨이브 K1 Lite 게이밍 마우스,140900,68,디자이너,2.4GHz 무선|온보드 메모리|26000DPI 광학센서,그립감|손목피로|손땀,장시간배터리|핫스왑|무선,68g의 게이밍 마우스로 그립감 걱정 없이 사용할 수 있습니다. 온보드 메모리 지원.
P0215,PC_Peripherals,사무용 마우스,쿼드리움,쿼드리움 X1 Max 사무용 마우스,46900,105,사무직,유선 연결|정숙 스크롤|무소음 클릭|1600DPI,배터리부족|클릭소음,인체공학|프리미엄|유선,정숙 스크롤을 적용한 사무용 마우스. 배터리부족 부담을 줄여 장시간 사용에 적합합니다.
P0216,PC_Peripherals,사무용 마우스,사일런트웍스,사일런트웍스 M1 Max 사무용 마우스,58900,94,디자이너,2.4GHz 무선|1600DPI|인체공학 그립,그립감|클릭소음|배터리부족,저소음|장시간배터리|무선,2.4GHz 무선 방식의 사무용 마우스. 1600DPI 탑재로 그립감을 줄였습니다.
P0217,PC_Peripherals,게이밍 키보드,렉스기어,렉스기어 K8 SE 게이밍 키보드,259900,768,FPS유저,무선 3모드|텐키리스|65% 배열|적축,키감|내구성|채터링,저지연|장시간배터리|무선|경량,FPS유저 사용자를 겨냥한 게이밍 키보드. 텐키리스 구성으로 키감을 개선했습니다.
P0218,PC_Peripherals,게이밍 마우스,제트스위치,제트스위치 G8 게이밍 마우스,65900,83,FPS유저,유선 연결|1000Hz 폴링레이트|PTFE 스케이트,지연시간|무게부담|손목피로,핫스왑|장시간사용|유선,1000Hz 폴링레이트를 적용한 게이밍 마우스. 지연시간 부담을 줄여 장시간 사용에 적합합니다.
P0219,PC_Peripherals,게이밍 마우스,제트스위치,제트스위치 G4 SE 게이밍 마우스,64900,58,FPS유저,유선 연결|온보드 메모리|26000DPI 광학센서|광학식 스위치,손땀,핫스왑|RGB|유선|경량,온보드 메모리를 적용한 게이밍 마우스. 손땀 부담을 줄여 장시간 사용에 적합합니다.
P0220,PC_Peripherals,게이밍 마우스,쿼드리움,쿼드리움 X6 Pro 게이밍 마우스,159900,86,FPS유저,유선 연결|70시간 배터리|PTFE 스케이트,손목피로|무게부담,장시간사용|저지연|유선,FPS유저 사용자를 겨냥한 게이밍 마우스. 70시간 배터리 구성으로 손목피로를 개선했습니다.
P0221,PC_Peripherals,게이밍 키보드,오르빗,오르빗 P4 Lite 게이밍 키보드,230900,1143,FPS유저,유선 연결|갈축,내구성|키감|손목피로,RGB|핫스왑|유선,FPS유저 사용자를 겨냥한 게이밍 키보드. 갈축 구성으로 내구성을 개선했습니다.
P0222,PC_Peripherals,무선 이어폰,노바핏,노바핏 X3 무선 이어폰,283900,6,공용,블루투스 5.3|8시간 재생|멀티포인트|IPX4 방수,차음성,장시간배터리|휴대성|무선,블루투스 5.3 방식의 무선 이어폰. 8시간 재생 탑재로 차음성을 줄였습니다.
P0223,PC_Peripherals,사무용 마우스,렉스기어,렉스기어 G3 사무용 마우스,25900,77,사무직,2.4GHz 무선|1600DPI|USB-C 충전,배터리부족|클릭소음|손목피로,장시간배터리|저지연|휴대성|무선|경량,2.4GHz 무선 방식의 사무용 마우스. 1600DPI 탑재로 배터리부족을 줄였습니다.
P0224,PC_Peripherals,사무용 마우스,에이펙스IO,에이펙스IO X7 사무용 마우스,35900,105,공용,유선 연결|인체공학 그립|1600DPI|USB-C 충전,배터리부족|손목피로,휴대성|핫스왑|프리미엄|유선,모든 사용자를 겨냥한 사무용 마우스. 인체공학 그립 구성으로 배터리부족을 개선했습니다.
P0225,PC_Peripherals,게이밍 키보드,노바핏,노바핏 Z6 게이밍 키보드,120900,971,FPS유저,유선 연결|텐키리스,키감|내구성,핫스왑|인체공학|유선,"텐키리스 기반의 게이밍 키보드, 키감에 민감한 사용자에게 추천합니다."
P0226,PC_Peripherals,게이밍 마우스,쿼드리움,쿼드리움 G7 Lite 게이밍 마우스,73900,88,FPS유저,2.4GHz 무선|26000DPI 광학센서|1000Hz 폴링레이트,무게부담|그립감,인체공학|장시간사용|무선,88g의 게이밍 마우스로 무게부담 걱정 없이 사용할 수 있습니다. 26000DPI 광학센서 지원.
P0227,PC_Peripherals,게이밍 마우스,노바핏,노바핏 M1 Lite 게이밍 마우스,66900,73,FPS유저,2.4GHz 무선|광학식 스위치|온보드 메모리|PTFE 스케이트,손땀|지연시간|그립감,장시간배터리|프리미엄|무선,FPS유저 사용자를 겨냥한 게이밍 마우스. 광학식 스위치 구성으로 손땀을 개선했습니다.
P0228,PC_Peripherals,게이밍 키보드,노바핏,노바핏 Z2 Max 게이밍 키보드,244900,910,FPS유저,유선 연결|풀배열,키감,핫스왑|인체공학|휴대성|유선,유선 연결 방식의 게이밍 키보드. 풀배열 탑재로 키감을 줄였습니다.
P0229,PC_Peripherals,게이밍 키보드,펄스텍,펄스텍 X2 Lite 게이밍 키보드,237900,1102,FPS유저,유선 연결|핫스왑 소켓,타건소음|내구성|채터링,프리미엄|핫스왑|유선,FPS유저 사용자를 겨냥한 게이밍 키보드. 핫스왑 소켓 구성으로 타건소음을 개선했습니다.
P0230,PC_Peripherals,게이밍 키보드,제트스위치,제트스위치 Z1 게이밍 키보드,64900,1054,FPS유저,무선 3모드|핫스왑 소켓,키감|타건소음|내구성,인체공학|저지연|무선,핫스왑 소켓을 적용한 게이밍 키보드. 키감 부담을 줄여 장시간 사용에 적합합니다.
P0231,PC_Peripherals,게이밍 마우스,사일런트웍스,사일런트웍스 K6 Max 게이밍 마우스,127900,52,FPS유저,유선 연결|온보드 메모리,손목피로|무게부담|지연시간,휴대성|RGB|프리미엄|유선|경량,온보드 메모리를 적용한 게이밍 마우스. 손목피로 부담을 줄여 장시간 사용에 적합합니다.
P0232,PC_Peripherals,게이밍 마우스,렉스기어,렉스기어 K9 Max 게이밍 마우스,166900,55,FPS유저,유선 연결|8000Hz 폴링레이트,무게부담,장시간사용|프리미엄|인체공학|유선|경량,55g의 게이밍 마우스로 무게부담 걱정 없이 사용할 수 있습니다. 8000Hz 폴링레이트 지원.
P0233,PC_Peripherals,게이밍 키보드,오르빗,오르빗 G8 SE 게이밍 키보드,99900,818,디자이너,무선 3모드|65% 배열,키감,저지연|장시간배터리|무선|경량,"65% 배열 기반의 게이밍 키보드, 키감에 민감한 사용자에게 추천합니다."
P0234,PC_Peripherals,사무용 마우스,오르빗,오르빗 M3 사무용 마우스,67900,72,사무직,유선 연결|인체공학 그립|무소음 클릭|AA 배터리 12개월,손목피로|클릭소음,장시간배터리|RGB|유선|경량,72g의 사무용 마우스로 손목피로 걱정 없이 사용할 수 있습니다. 인체공학 그립 지원.
P0235,PC_Peripherals,게이밍 마우스,사일런트웍스,사일런트웍스 K5 SE 게이밍 마우스,108900,95,FPS유저,유선 연결|26000DPI 광학센서,손땀,휴대성|장시간사용|유선,95g의 게이밍 마우스로 손땀 걱정 없이 사용할 수 있습니다. 26000DPI 광학센서 지원.
P0236,PC_Peripherals,게이밍 키보드,키크론랩,키크론랩 P7 Pro 게이밍 키보드,236900,1174,FPS유저,유선 연결|갈축,키감|손목피로,저소음|인체공학|유선,갈축을 적용한 게이밍 키보드. 키감 부담을 줄여 장시간 사용에 적합합니다.
P0237,PC_Peripherals,게이밍 마우스,쿼드리움,쿼드리움 K1 Lite 게이밍 마우스,45900,78,FPS유저,2.4GHz 무선|PTFE 스케이트|광학식 스위치,그립감,저지연|휴대성|무선,"PTFE 스케이트 기반의 게이밍 마우스, 그립감에 민감한 사용자에게 추천합니다."
P0238,PC_Peripherals,게이밍 키보드,오르빗,오르빗 G3 Lite 게이밍 키보드,258900,774,FPS유저,무선 3모드|65% 배열|PBT 키캡,손목피로,저지연|저소음|가성비|무선|경량,무선 3모드 방식의 게이밍 키보드. 65% 배열 탑재로 손목피로를 줄였습니다.
P0239,PC_Peripherals,게이밍 키보드,렉스기어,렉스기어 G1 게이밍 키보드,285900,1012,FPS유저,유선 연결|갈축,손목피로,프리미엄|핫스왑|가성비|유선,유선 연결 방식의 게이밍 키보드. 갈축 탑재로 손목피로를 줄였습니다.
P0240,PC_Peripherals,게이밍 키보드,쿼드리움,쿼드리움 M4 SE 게이밍 키보드,281900,1073,FPS유저,무선 3모드|흡음재 3중,손목피로|타건소음|내구성,저지연|프리미엄|무선,"흡음재 3중 기반의 게이밍 키보드, 손목피로에 민감한 사용자에게 추천합니다."
P0241,PC_Peripherals,게이밍 마우스,코어웨이브,코어웨이브 K5 게이밍 마우스,187900,76,FPS유저,유선 연결|온보드 메모리,손목피로|지연시간|손땀,인체공학|저지연|유선,유선 연결 방식의 게이밍 마우스. 온보드 메모리 탑재로 손목피로를 줄였습니다.
P0242,PC_Peripherals,무선 이어폰,쿼드리움,쿼드리움 K4 Max 무선 이어폰,323900,7,공용,블루투스 5.3|멀티포인트,착용압박,가성비|인체공학|장시간배터리|무선,블루투스 5.3 방식의 무선 이어폰. 멀티포인트 탑재로 착용압박을 줄였습니다.
P0243,PC_Peripherals,게이밍 마우스,쿼드리움,쿼드리움 M5 게이밍 마우스,112900,59,디자이너,유선 연결|광학식 스위치|70시간 배터리|온보드 메모리,손목피로|손땀|그립감,RGB|인체공학|장시간사용|유선|경량,디자이너 사용자를 겨냥한 게이밍 마우스. 광학식 스위치 구성으로 손목피로를 개선했습니다.
P0244,PC_Peripherals,게이밍 키보드,노바핏,노바핏 X3 Pro 게이밍 키보드,92900,1343,공용,무선 3모드|풀배열|갈축,키감|손목피로|타건소음,핫스왑|RGB|무선,모든 사용자를 겨냥한 게이밍 키보드. 풀배열 구성으로 키감을 개선했습니다.
P0245,PC_Peripherals,사무용 마우스,에이펙스IO,에이펙스IO M3 Max 사무용 마우스,53900,96,사무직,2.4GHz 무선|무소음 클릭|USB-C 충전|1600DPI,배터리부족|그립감|클릭소음,가성비|인체공학|무선,"무소음 클릭 기반의 사무용 마우스, 배터리부족에 민감한 사용자에게 추천합니다."
P0246,PC_Peripherals,사무용 마우스,쿼드리움,쿼드리움 X1 SE 사무용 마우스,74900,82,사무직,블루투스 멀티페어링|USB-C 충전|AA 배터리 12개월|정숙 스크롤,그립감|손목피로,장시간사용|저지연|휴대성|무선|경량,82g의 사무용 마우스로 그립감 걱정 없이 사용할 수 있습니다. USB-C 충전 지원.
P0247,PC_Peripherals,사무용 마우스,렉스기어,렉스기어 M2 Lite 사무용 마우스,50900,90,사무직,2.4GHz 무선|무소음 클릭|정숙 스크롤|인체공학 그립,그립감|클릭소음|배터리부족,휴대성|저지연|장시간배터리|무선,무소음 클릭을 적용한 사무용 마우스. 그립감 부담을 줄여 장시간 사용에 적합합니다.
P0248,PC_Peripherals,게이밍 마우스,펄스텍,펄스텍 K2 게이밍 마우스,79900,83,FPS유저,유선 연결|8000Hz 폴링레이트,손땀|무게부담|지연시간,장시간배터리|휴대성|유선,8000Hz 폴링레이트를 적용한 게이밍 마우스. 손땀 부담을 줄여 장시간 사용에 적합합니다.
P0249,PC_Peripherals,게이밍 마우스,에이펙스IO,에이펙스IO K5 게이밍 마우스,177900,67,FPS유저,2.4GHz 무선|26000DPI 광학센서,손땀|무게부담,저지연|인체공학|무선,67g의 게이밍 마우스로 손땀 걱정 없이 사용할 수 있습니다. 26000DPI 광학센서 지원.
P0250,PC_Peripherals,게이밍 마우스,노바핏,노바핏 Z2 게이밍 마우스,45900,87,FPS유저,유선 연결|26000DPI 광학센서|광학식 스위치|PTFE 스케이트,무게부담|지연시간,프리미엄|저소음|유선,FPS유저 사용자를 겨냥한 게이밍 마우스. 26000DPI 광학센서 구성으로 무게부담을 개선했습니다.
P0251,PC_Peripherals,게이밍 마우스,오르빗,오르빗 Z1 Lite 게이밍 마우스,94900,66,사무직,2.4GHz 무선|광학식 스위치,손목피로,핫스왑|장시간배터리|저소음|무선,"광학식 스위치 기반의 게이밍 마우스, 손목피로에 민감한 사용자에게 추천합니다."
P0252,PC_Peripherals,무선 이어폰,노바핏,노바핏 G6 Lite 무선 이어폰,93900,6,사무직,블루투스 5.3|무선충전 지원,착용압박,휴대성|인체공학|가성비|무선,6g의 무선 이어폰으로 착용압박 걱정 없이 사용할 수 있습니다. 무선충전 지원 지원.
P0253,PC_Peripherals,게이밍 키보드,쿼드리움,쿼드리움 K5 Max 게이밍 키보드,126900,962,공용,유선 연결|적축|풀배열,채터링,RGB|프리미엄|휴대성|유선,"적축 기반의 게이밍 키보드, 채터링에 민감한 사용자에게 추천합니다."
P0254,PC_Peripherals,사무용 마우스,에이펙스IO,에이펙스IO G6 Max 사무용 마우스,43900,86,사무직,2.4GHz 무선|정숙 스크롤|1600DPI|AA 배터리 12개월,그립감|배터리부족|손목피로,인체공학|저소음|가성비|무선,정숙 스크롤을 적용한 사무용 마우스. 그립감 부담을 줄여 장시간 사용에 적합합니다.
P0255,PC_Peripherals,게이밍 마우스,렉스기어,렉스기어 X7 Lite 게이밍 마우스,129900,69,FPS유저,2.4GHz 무선|26000DPI 광학센서|8000Hz 폴링레이트|70시간 배터리,지연시간|그립감,핫스왑|장시간사용|저소음|무선,FPS유저 사용자를 겨냥한 게이밍 마우스. 26000DPI 광학센서 구성으로 지연시간을 개선했습니다.
P0256,PC_Peripherals,무선 이어폰,에이펙스IO,에이펙스IO Z2 Pro 무선 이어폰,89900,9,공용,블루투스 5.3|저지연 게임모드|멀티포인트,착용압박|지연시간|차음성,저소음|장시간배터리|무선,9g의 무선 이어폰으로 착용압박 걱정 없이 사용할 수 있습니다. 저지연 게임모드 지원.
P0257,PC_Peripherals,사무용 마우스,키크론랩,키크론랩 G6 Max 사무용 마우스,29900,71,사무직,2.4GHz 무선|AA 배터리 12개월|인체공학 그립,그립감|클릭소음,프리미엄|저지연|장시간사용|무선|경량,"AA 배터리 12개월 기반의 사무용 마우스, 그립감에 민감한 사용자에게 추천합니다."
P0258,PC_Peripherals,게이밍 마우스,키크론랩,키크론랩 M5 Max 게이밍 마우스,164900,73,FPS유저,2.4GHz 무선|26000DPI 광학센서|8000Hz 폴링레이트,손땀,핫스왑|장시간배터리|휴대성|무선,26000DPI 광학센서를 적용한 게이밍 마우스. 손땀 부담을 줄여 장시간 사용에 적합합니다.
P0259,PC_Peripherals,게이밍 키보드,쿼드리움,쿼드리움 M4 게이밍 키보드,320900,1223,공용,유선 연결|65% 배열|핫스왑 소켓,채터링|손목피로,RGB|가성비|유선,65% 배열을 적용한 게이밍 키보드. 채터링 부담을 줄여 장시간 사용에 적합합니다.
P0260,PC_Peripherals,사무용 마우스,펄스텍,펄스텍 P1 SE 사무용 마우스,67900,115,사무직,2.4GHz 무선|1600DPI|USB-C 충전|인체공학 그립,손목피로|배터리부족,장시간배터리|저소음|RGB|무선,2.4GHz 무선 방식의 사무용 마우스. 1600DPI 탑재로 손목피로를 줄였습니다.
P0261,PC_Peripherals,게이밍 키보드,렉스기어,렉스기어 K2 SE 게이밍 키보드,81900,664,공용,유선 연결|PBT 키캡|청축|65% 배열,키감,장시간배터리|핫스왑|저소음|유선|경량,"PBT 키캡 기반의 게이밍 키보드, 키감에 민감한 사용자에게 추천합니다."
P0262,PC_Peripherals,게이밍 마우스,제트스위치,제트스위치 Z8 SE 게이밍 마우스,102900,90,FPS유저,2.4GHz 무선|1000Hz 폴링레이트,손땀,RGB|가성비|저소음|무선,90g의 게이밍 마우스로 손땀 걱정 없이 사용할 수 있습니다. 1000Hz 폴링레이트 지원.
P0263,PC_Peripherals,게이밍 마우스,펄스텍,펄스텍 X2 Lite 게이밍 마우스,119900,58,사무직,2.4GHz 무선|PTFE 스케이트|26000DPI 광학센서|8000Hz 폴링레이트,무게부담,저지연|장시간배터리|무선|경량,2.4GHz 무선 방식의 게이밍 마우스. PTFE 스케이트 탑재로 무게부담을 줄였습니다.
P0264,PC_Peripherals,사무용 마우스,에이펙스IO,에이펙스IO X3 Pro 사무용 마우스,31900,103,디자이너,2.4GHz 무선|USB-C 충전,클릭소음|그립감|배터리부족,핫스왑|저지연|무선,USB-C 충전을 적용한 사무용 마우스. 클릭소음 부담을 줄여 장시간 사용에 적합합니다.
P0265,PC_Peripherals,게이밍 키보드,펄스텍,펄스텍 P7 게이밍 키보드,294900,834,공용,유선 연결|텐키리스|흡음재 3중|핫스왑 소켓,손목피로|타건소음|키감,저지연|장시간배터리|유선|경량,"텐키리스 기반의 게이밍 키보드, 손목피로에 민감한 사용자에게 추천합니다."
P0266,PC_Peripherals,게이밍 키보드,펄스텍,펄스텍 X9 Lite 게이밍 키보드,256900,1223,공용,유선 연결|핫스왑 소켓|은축|풀배열,타건소음,휴대성|RGB|장시간사용|유선,"핫스왑 소켓 기반의 게이밍 키보드, 타건소음에 민감한 사용자에게 추천합니다."
P0267,PC_Peripherals,게이밍 키보드,펄스텍,펄스텍 Z1 Max 게이밍 키보드,150900,641,FPS유저,무선 3모드|갈축,내구성|타건소음|키감,프리미엄|RGB|장시간사용|무선|경량,641g의 게이밍 키보드로 내구성 걱정 없이 사용할 수 있습니다. 갈축 지원.
P0268,PC_Peripherals,게이밍 마우스,쿼드리움,쿼드리움 G4 SE 게이밍 마우스,144900,67,FPS유저,유선 연결|광학식 스위치|온보드 메모리,지연시간|무게부담|손목피로,저소음|RGB|유선,광학식 스위치를 적용한 게이밍 마우스. 지연시간 부담을 줄여 장시간 사용에 적합합니다.
P0269,PC_Peripherals,사무용 마우스,키크론랩,키크론랩 M4 사무용 마우스,70900,82,디자이너,유선 연결|무소음 클릭|인체공학 그립|정숙 스크롤,클릭소음,프리미엄|핫스왑|유선|경량,유선 연결 방식의 사무용 마우스. 무소음 클릭 탑재로 클릭소음을 줄였습니다.
P0270,PC_Peripherals,무선 이어폰,에이펙스IO,에이펙스IO P9 SE 무선 이어폰,295900,6,사무직,블루투스 5.3|무선충전 지원|저지연 게임모드,배터리부족|차음성,장시간사용|핫스왑|무선,6g의 무선 이어폰으로 배터리부족 걱정 없이 사용할 수 있습니다. 무선충전 지원 지원.
P0271,PC_Peripherals,게이밍 마우스,오르빗,오르빗 Z8 Max 게이밍 마우스,153900,62,공용,유선 연결|광학식 스위치,손땀,프리미엄|RGB|가성비|유선|경량,모든 사용자를 겨냥한 게이밍 마우스. 광학식 스위치 구성으로 손땀을 개선했습니다.
P0272,PC_Peripherals,게이밍 마우스,제트스위치,제트스위치 X3 게이밍 마우스,55900,91,사무직,2.4GHz 무선|1000Hz 폴링레이트|8000Hz 폴링레이트|70시간 배터리,손땀,인체공학|가성비|RGB|무선,2.4GHz 무선 방식의 게이밍 마우스. 1000Hz 폴링레이트 탑재로 손땀을 줄였습니다.
P0273,PC_Peripherals,게이밍 마우스,코어웨이브,코어웨이브 P6 Pro 게이밍 마우스,57900,49,디자이너,2.4GHz 무선|70시간 배터리|광학식 스위치,그립감|손땀,저지연|RGB|인체공학|무선|경량,49g의 게이밍 마우스로 그립감 걱정 없이 사용할 수 있습니다. 70시간 배터리 지원.
P0274,PC_Peripherals,게이밍 키보드,노바핏,노바핏 P7 Pro 게이밍 키보드,245900,1325,FPS유저,무선 3모드|RGB 백라이트|풀배열,손목피로|채터링,저지연|인체공학|무선,FPS유저 사용자를 겨냥한 게이밍 키보드. RGB 백라이트 구성으로 손목피로를 개선했습니다.
P0275,PC_Peripherals,사무용 마우스,펄스텍,펄스텍 Z5 Max 사무용 마우스,13900,91,디자이너,유선 연결|무소음 클릭,클릭소음,핫스왑|인체공학|유선,"무소음 클릭 기반의 사무용 마우스, 클릭소음에 민감한 사용자에게 추천합니다."
P0276,PC_Peripherals,무선 이어폰,노바핏,노바핏 Z2 Pro 무선 이어폰,177900,5,공용,블루투스 5.3|저지연 게임모드,차음성|착용압박,가성비|휴대성|무선|경량,"저지연 게임모드 기반의 무선 이어폰, 차음성에 민감한 사용자에게 추천합니다."
P0277,PC_Peripherals,게이밍 마우스,펄스텍,펄스텍 K1 게이밍 마우스,153900,72,FPS유저,유선 연결|광학식 스위치|8000Hz 폴링레이트,손목피로|손땀|지연시간,저소음|인체공학|가성비|유선,유선 연결 방식의 게이밍 마우스. 광학식 스위치 탑재로 손목피로를 줄였습니다.
P0278,PC_Peripherals,무선 이어폰,오르빗,오르빗 Z1 Max 무선 이어폰,187900,9,FPS유저,블루투스 5.3|IPX4 방수|주변음 허용모드|멀티포인트,배터리부족|통화품질,핫스왑|장시간사용|프리미엄|무선,9g의 무선 이어폰으로 배터리부족 걱정 없이 사용할 수 있습니다. IPX4 방수 지원.
P0279,PC_Peripherals,사무용 마우스,코어웨이브,코어웨이브 K1 Max 사무용 마우스,75900,106,사무직,2.4GHz 무선|1600DPI|USB-C 충전|인체공학 그립,손목피로,RGB|인체공학|저지연|무선,"1600DPI 기반의 사무용 마우스, 손목피로에 민감한 사용자에게 추천합니다."
P0280,PC_Peripherals,게이밍 마우스,오르빗,오르빗 K7 게이밍 마우스,121900,82,공용,유선 연결|PTFE 스케이트|광학식 스위치,지연시간,RGB|가성비|유선,PTFE 스케이트를 적용한 게이밍 마우스. 지연시간 부담을 줄여 장시간 사용에 적합합니다.
P0281,PC_Peripherals,게이밍 마우스,노바핏,노바핏 P5 SE 게이밍 마우스,174900,64,디자이너,유선 연결|온보드 메모리|26000DPI 광학센서,손목피로|무게부담|지연시간,장시간배터리|가성비|프리미엄|유선|경량,64g의 게이밍 마우스로 손목피로 걱정 없이 사용할 수 있습니다. 온보드 메모리 지원.
P0282,PC_Peripherals,무선 이어폰,렉스기어,렉스기어 P4 Pro 무선 이어폰,98900,6,공용,블루투스 5.3|멀티포인트|8시간 재생,차음성|지연시간,프리미엄|장시간사용|무선,모든 사용자를 겨냥한 무선 이어폰. 멀티포인트 구성으로 차음성을 개선했습니다.
P0283,PC_Peripherals,사무용 마우스,오르빗,오르빗 Z3 Pro 사무용 마우스,51900,114,사무직,2.4GHz 무선|인체공학 그립|1600DPI|정숙 스크롤,손목피로|그립감|배터리부족,휴대성|RGB|저소음|무선,2.4GHz 무선 방식의 사무용 마우스. 인체공학 그립 탑재로 손목피로를 줄였습니다.
P0284,PC_Peripherals,게이밍 키보드,렉스기어,렉스기어 G9 Lite 게이밍 키보드,86900,711,사무직,유선 연결|흡음재 3중|PBT 키캡|갈축,타건소음,핫스왑|장시간사용|유선|경량,사무직 사용자를 겨냥한 게이밍 키보드. 흡음재 3중 구성으로 타건소음을 개선했습니다.
P0285,PC_Peripherals,무선 이어폰,제트스위치,제트스위치 Z4 무선 이어폰,207900,8,사무직,블루투스 5.3|IPX4 방수|저지연 게임모드,차음성,RGB|휴대성|인체공학|무선,IPX4 방수를 적용한 무선 이어폰. 차음성 부담을 줄여 장시간 사용에 적합합니다.
P0286,PC_Peripherals,게이밍 마우스,쿼드리움,쿼드리움 X2 Lite 게이밍 마우스,105900,81,FPS유저,2.4GHz 무선|70시간 배터리|PTFE 스케이트,그립감|지연시간|손목피로,휴대성|저소음|무선,2.4GHz 무선 방식의 게이밍 마우스. 70시간 배터리 탑재로 그립감을 줄였습니다.
P0287,PC_Peripherals,사무용 마우스,펄스텍,펄스텍 M5 Lite 사무용 마우스,74900,116,사무직,유선 연결|무소음 클릭|1600DPI,손목피로|배터리부족|클릭소음,가성비|인체공학|유선,무소음 클릭을 적용한 사무용 마우스. 손목피로 부담을 줄여 장시간 사용에 적합합니다.
P0288,PC_Peripherals,무선 이어폰,키크론랩,키크론랩 X1 무선 이어폰,122900,8,사무직,블루투스 5.3|액티브 노이즈캔슬링,착용압박|통화품질,프리미엄|인체공학|장시간사용|무선,사무직 사용자를 겨냥한 무선 이어폰. 액티브 노이즈캔슬링 구성으로 착용압박을 개선했습니다.
P0289,PC_Peripherals,무선 이어폰,쿼드리움,쿼드리움 X7 Pro 무선 이어폰,272900,5,공용,블루투스 5.3|저지연 게임모드|8시간 재생|주변음 허용모드,통화품질|착용압박,프리미엄|장시간사용|휴대성|무선|경량,모든 사용자를 겨냥한 무선 이어폰. 저지연 게임모드 구성으로 통화품질을 개선했습니다.
P0290,PC_Peripherals,사무용 마우스,쿼드리움,쿼드리움 K6 Pro 사무용 마우스,55900,67,사무직,블루투스 멀티페어링|USB-C 충전,손목피로,핫스왑|가성비|프리미엄|무선|경량,사무직 사용자를 겨냥한 사무용 마우스. USB-C 충전 구성으로 손목피로를 개선했습니다.
P0291,PC_Peripherals,게이밍 마우스,제트스위치,제트스위치 G6 Max 게이밍 마우스,59900,84,사무직,2.4GHz 무선|PTFE 스케이트|26000DPI 광학센서,그립감,장시간사용|휴대성|무선,PTFE 스케이트를 적용한 게이밍 마우스. 그립감 부담을 줄여 장시간 사용에 적합합니다.
P0292,PC_Peripherals,무선 이어폰,제트스위치,제트스위치 G4 무선 이어폰,295900,6,디자이너,블루투스 5.3|멀티포인트|무선충전 지원,차음성,프리미엄|저소음|무선,블루투스 5.3 방식의 무선 이어폰. 멀티포인트 탑재로 차음성을 줄였습니다.
P0293,PC_Peripherals,게이밍 키보드,펄스텍,펄스텍 K4 Max 게이밍 키보드,254900,1141,FPS유저,유선 연결|PBT 키캡,손목피로|타건소음,휴대성|저소음|유선,1141g의 게이밍 키보드로 손목피로 걱정 없이 사용할 수 있습니다. PBT 키캡 지원.
P0294,PC_Peripherals,무선 이어폰,쿼드리움,쿼드리움 M8 SE 무선 이어폰,98900,7,사무직,블루투스 5.3|액티브 노이즈캔슬링|멀티포인트|IPX4 방수,통화품질|지연시간|배터리부족,가성비|인체공학|프리미엄|무선,액티브 노이즈캔슬링을 적용한 무선 이어폰. 통화품질 부담을 줄여 장시간 사용에 적합합니다.
P0295,PC_Peripherals,무선 이어폰,렉스기어,렉스기어 K9 무선 이어폰,59900,9,사무직,블루투스 5.3|8시간 재생|액티브 노이즈캔슬링,착용압박|차음성,프리미엄|저소음|저지연|무선,8시간 재생을 적용한 무선 이어폰. 착용압박 부담을 줄여 장시간 사용에 적합합니다.
P0296,PC_Peripherals,사무용 마우스,렉스기어,렉스기어 Z6 SE 사무용 마우스,30900,107,공용,유선 연결|1600DPI,클릭소음|배터리부족,인체공학|저지연|가성비|유선,유선 연결 방식의 사무용 마우스. 1600DPI 탑재로 클릭소음을 줄였습니다.
P0297,PC_Peripherals,사무용 마우스,오르빗,오르빗 K5 사무용 마우스,33900,71,공용,2.4GHz 무선|인체공학 그립|USB-C 충전,클릭소음|그립감,인체공학|장시간사용|프리미엄|무선|경량,2.4GHz 무선 방식의 사무용 마우스. 인체공학 그립 탑재로 클릭소음을 줄였습니다.
P0298,PC_Peripherals,게이밍 키보드,코어웨이브,코어웨이브 M7 게이밍 키보드,141900,1082,FPS유저,유선 연결|풀배열|청축,키감|타건소음,장시간사용|RGB|유선,1082g의 게이밍 키보드로 키감 걱정 없이 사용할 수 있습니다. 풀배열 지원.
P0299,PC_Peripherals,게이밍 마우스,사일런트웍스,사일런트웍스 G1 게이밍 마우스,124900,58,FPS유저,2.4GHz 무선|26000DPI 광학센서,손목피로|그립감|무게부담,저소음|프리미엄|무선|경량,FPS유저 사용자를 겨냥한 게이밍 마우스. 26000DPI 광학센서 구성으로 손목피로를 개선했습니다.
P0300,PC_Peripherals,게이밍 마우스,사일런트웍스,사일런트웍스 P2 Lite 게이밍 마우스,91900,95,공용,유선 연결|70시간 배터리|26000DPI 광학센서|광학식 스위치,손목피로|무게부담,RGB|프리미엄|유선,95g의 게이밍 마우스로 손목피로 걱정 없이 사용할 수 있습니다. 70시간 배터리 지원.
P0301,PC_Peripherals,사무용 마우스,오르빗,오르빗 X6 Lite 사무용 마우스,73900,88,사무직,블루투스 멀티페어링|인체공학 그립|무소음 클릭|1600DPI,배터리부족,인체공학|장시간배터리|RGB|무선,인체공학 그립을 적용한 사무용 마우스. 배터리부족 부담을 줄여 장시간 사용에 적합합니다.
P0302,PC_Peripherals,사무용 마우스,에이펙스IO,에이펙스IO G1 Lite 사무용 마우스,22900,104,디자이너,2.4GHz 무선|무소음 클릭|AA 배터리 12개월,손목피로|그립감|배터리부족,장시간사용|인체공학|무선,무소음 클릭을 적용한 사무용 마우스. 손목피로 부담을 줄여 장시간 사용에 적합합니다.
P0303,PC_Peripherals,사무용 마우스,에이펙스IO,에이펙스IO X1 Max 사무용 마우스,17900,119,디자이너,2.4GHz 무선|USB-C 충전|정숙 스크롤,배터리부족|그립감,핫스왑|휴대성|장시간사용|무선,"USB-C 충전 기반의 사무용 마우스, 배터리부족에 민감한 사용자에게 추천합니다."
P0304,PC_Peripherals,무선 이어폰,렉스기어,렉스기어 G1 Lite 무선 이어폰,155900,8,사무직,블루투스 5.3|멀티포인트,통화품질,RGB|휴대성|무선,멀티포인트를 적용한 무선 이어폰. 통화품질 부담을 줄여 장시간 사용에 적합합니다.
P0305,PC_Peripherals,게이밍 마우스,쿼드리움,쿼드리움 K3 Lite 게이밍 마우스,85900,59,FPS유저,유선 연결|26000DPI 광학센서,그립감|무게부담,프리미엄|저소음|RGB|유선|경량,FPS유저 사용자를 겨냥한 게이밍 마우스. 26000DPI 광학센서 구성으로 그립감을 개선했습니다.
P0306,PC_Peripherals,게이밍 키보드,노바핏,노바핏 X9 게이밍 키보드,221900,1239,사무직,무선 3모드|텐키리스|65% 배열,내구성|손목피로|채터링,저소음|프리미엄|가성비|무선,"텐키리스 기반의 게이밍 키보드, 내구성에 민감한 사용자에게 추천합니다."
P0307,PC_Peripherals,게이밍 마우스,에이펙스IO,에이펙스IO P5 Lite 게이밍 마우스,69900,58,FPS유저,2.4GHz 무선|26000DPI 광학센서|PTFE 스케이트,그립감,장시간배터리|인체공학|무선|경량,2.4GHz 무선 방식의 게이밍 마우스. 26000DPI 광학센서 탑재로 그립감을 줄였습니다.
P0308,PC_Peripherals,사무용 마우스,사일런트웍스,사일런트웍스 G1 사무용 마우스,26900,67,사무직,2.4GHz 무선|USB-C 충전|인체공학 그립|AA 배터리 12개월,클릭소음,휴대성|핫스왑|장시간사용|무선|경량,"USB-C 충전 기반의 사무용 마우스, 클릭소음에 민감한 사용자에게 추천합니다."
P0309,PC_Peripherals,게이밍 마우스,펄스텍,펄스텍 G9 Lite 게이밍 마우스,167900,82,디자이너,2.4GHz 무선|8000Hz 폴링레이트,손목피로|무게부담,RGB|가성비|무선,8000Hz 폴링레이트를 적용한 게이밍 마우스. 손목피로 부담을 줄여 장시간 사용에 적합합니다.
P0310,PC_Peripherals,게이밍 마우스,노바핏,노바핏 P4 Lite 게이밍 마우스,156900,51,FPS유저,2.4GHz 무선|26000DPI 광학센서|8000Hz 폴링레이트|온보드 메모리,지연시간|무게부담,인체공학|저지연|가성비|무선|경량,FPS유저 사용자를 겨냥한 게이밍 마우스. 26000DPI 광학센서 구성으로 지연시간을 개선했습니다.
P0311,PC_Peripherals,무선 이어폰,코어웨이브,코어웨이브 P6 Lite 무선 이어폰,152900,9,디자이너,블루투스 5.3|8시간 재생,착용압박,RGB|프리미엄|무선,블루투스 5.3 방식의 무선 이어폰. 8시간 재생 탑재로 착용압박을 줄였습니다.
P0312,PC_Peripherals,사무용 마우스,사일런트웍스,사일런트웍스 Z1 Pro 사무용 마우스,23900,94,공용,2.4GHz 무선|정숙 스크롤|1600DPI|인체공학 그립,클릭소음|그립감,저소음|가성비|무선,모든 사용자를 겨냥한 사무용 마우스. 정숙 스크롤 구성으로 클릭소음을 개선했습니다.
P0313,PC_Peripherals,게이밍 마우스,사일런트웍스,사일런트웍스 X6 Max 게이밍 마우스,147900,90,사무직,2.4GHz 무선|광학식 스위치|26000DPI 광학센서|1000Hz 폴링레이트,손땀|손목피로,장시간사용|가성비|저지연|무선,2.4GHz 무선 방식의 게이밍 마우스. 광학식 스위치 탑재로 손땀을 줄였습니다.
P0314,PC_Peripherals,게이밍 마우스,렉스기어,렉스기어 M7 SE 게이밍 마우스,189900,72,사무직,유선 연결|70시간 배터리|광학식 스위치,지연시간|그립감,장시간사용|인체공학|휴대성|유선,70시간 배터리를 적용한 게이밍 마우스. 지연시간 부담을 줄여 장시간 사용에 적합합니다.
P0315,PC_Peripherals,게이밍 키보드,키크론랩,키크론랩 Z4 Lite 게이밍 키보드,135900,869,공용,유선 연결|청축,키감,프리미엄|장시간배터리|저소음|유선|경량,유선 연결 방식의 게이밍 키보드. 청축 탑재로 키감을 줄였습니다.
P0316,PC_Peripherals,게이밍 마우스,제트스위치,제트스위치 K4 게이밍 마우스,40900,59,공용,2.4GHz 무선|26000DPI 광학센서,손목피로|손땀,휴대성|인체공학|핫스왑|무선|경량,2.4GHz 무선 방식의 게이밍 마우스. 26000DPI 광학센서 탑재로 손목피로를 줄였습니다.
P0317,PC_Peripherals,게이밍 마우스,제트스위치,제트스위치 K3 SE 게이밍 마우스,77900,75,FPS유저,2.4GHz 무선|8000Hz 폴링레이트|온보드 메모리,손목피로|손땀|그립감,저소음|핫스왑|무선,"8000Hz 폴링레이트 기반의 게이밍 마우스, 손목피로에 민감한 사용자에게 추천합니다."
P0318,PC_Peripherals,게이밍 마우스,펄스텍,펄스텍 X1 Lite 게이밍 마우스,48900,89,FPS유저,2.4GHz 무선|PTFE 스케이트,지연시간|무게부담|손땀,RGB|저소음|가성비|무선,89g의 게이밍 마우스로 지연시간 걱정 없이 사용할 수 있습니다. PTFE 스케이트 지원.
P0319,PC_Peripherals,무선 이어폰,코어웨이브,코어웨이브 G4 무선 이어폰,200900,6,공용,블루투스 5.3|액티브 노이즈캔슬링|무선충전 지원,착용압박|통화품질|지연시간,장시간사용|프리미엄|무선,블루투스 5.3 방식의 무선 이어폰. 액티브 노이즈캔슬링 탑재로 착용압박을 줄였습니다.
P0320,PC_Peripherals,게이밍 마우스,코어웨이브,코어웨이브 K3 Pro 게이밍 마우스,120900,78,공용,유선 연결|26000DPI 광학센서|8000Hz 폴링레이트,손땀|지연시간|무게부담,장시간사용|인체공학|장시간배터리|유선,26000DPI 광학센서를 적용한 게이밍 마우스. 손땀 부담을 줄여 장시간 사용에 적합합니다.
P0321,PC_Peripherals,게이밍 키보드,사일런트웍스,사일런트웍스 M6 Lite 게이밍 키보드,146900,848,FPS유저,유선 연결|풀배열,내구성,장시간사용|휴대성|인체공학|유선|경량,848g의 게이밍 키보드로 내구성 걱정 없이 사용할 수 있습니다. 풀배열 지원.
P0322,PC_Peripherals,사무용 마우스,렉스기어,렉스기어 M6 사무용 마우스,78900,115,디자이너,2.4GHz 무선|무소음 클릭,클릭소음|배터리부족,인체공학|휴대성|RGB|무선,"무소음 클릭 기반의 사무용 마우스, 클릭소음에 민감한 사용자에게 추천합니다."
P0323,PC_Peripherals,게이밍 마우스,사일런트웍스,사일런트웍스 Z9 SE 게이밍 마우스,168900,62,디자이너,유선 연결|70시간 배터리|8000Hz 폴링레이트,손땀|손목피로|그립감,인체공학|휴대성|유선|경량,유선 연결 방식의 게이밍 마우스. 70시간 배터리 탑재로 손땀을 줄였습니다.
P0324,PC_Peripherals,사무용 마우스,렉스기어,렉스기어 K6 Max 사무용 마우스,52900,79,디자이너,블루투스 멀티페어링|정숙 스크롤,그립감|손목피로,가성비|휴대성|저지연|무선|경량,디자이너 사용자를 겨냥한 사무용 마우스. 정숙 스크롤 구성으로 그립감을 개선했습니다.
P0325,PC_Peripherals,게이밍 마우스,렉스기어,렉스기어 X1 Pro 게이밍 마우스,54900,93,FPS유저,유선 연결|PTFE 스케이트|8000Hz 폴링레이트,무게부담|손땀,핫스왑|RGB|휴대성|유선,FPS유저 사용자를 겨냥한 게이밍 마우스. PTFE 스케이트 구성으로 무게부담을 개선했습니다.
P0326,PC_Peripherals,게이밍 키보드,펄스텍,펄스텍 G8 SE 게이밍 키보드,306900,931,사무직,유선 연결|텐키리스|갈축|핫스왑 소켓,타건소음,장시간배터리|휴대성|유선,유선 연결 방식의 게이밍 키보드. 텐키리스 탑재로 타건소음을 줄였습니다.
P0327,PC_Peripherals,무선 이어폰,쿼드리움,쿼드리움 X5 Pro 무선 이어폰,145900,5,공용,블루투스 5.3|액티브 노이즈캔슬링,통화품질|지연시간|배터리부족,저소음|RGB|무선|경량,5g의 무선 이어폰으로 통화품질 걱정 없이 사용할 수 있습니다. 액티브 노이즈캔슬링 지원.
P0328,PC_Peripherals,게이밍 마우스,오르빗,오르빗 M4 SE 게이밍 마우스,60900,89,디자이너,2.4GHz 무선|광학식 스위치,무게부담,핫스왑|장시간사용|무선,89g의 게이밍 마우스로 무게부담 걱정 없이 사용할 수 있습니다. 광학식 스위치 지원.
P0329,PC_Peripherals,사무용 마우스,에이펙스IO,에이펙스IO P4 Max 사무용 마우스,30900,119,디자이너,유선 연결|정숙 스크롤,그립감,휴대성|핫스왑|유선,119g의 사무용 마우스로 그립감 걱정 없이 사용할 수 있습니다. 정숙 스크롤 지원.
P0330,PC_Peripherals,게이밍 마우스,오르빗,오르빗 P8 Pro 게이밍 마우스,51900,95,FPS유저,유선 연결|8000Hz 폴링레이트|26000DPI 광학센서,손땀|지연시간|그립감,프리미엄|저소음|장시간사용|유선,유선 연결 방식의 게이밍 마우스. 8000Hz 폴링레이트 탑재로 손땀을 줄였습니다.
P0331,PC_Peripherals,게이밍 키보드,펄스텍,펄스텍 Z5 Max 게이밍 키보드,144900,1117,FPS유저,유선 연결|핫스왑 소켓|청축,채터링,핫스왑|프리미엄|유선,핫스왑 소켓을 적용한 게이밍 키보드. 채터링 부담을 줄여 장시간 사용에 적합합니다.
P0332,PC_Peripherals,게이밍 마우스,렉스기어,렉스기어 G9 SE 게이밍 마우스,171900,50,공용,유선 연결|1000Hz 폴링레이트|PTFE 스케이트|70시간 배터리,지연시간,장시간사용|장시간배터리|유선|경량,모든 사용자를 겨냥한 게이밍 마우스. 1000Hz 폴링레이트 구성으로 지연시간을 개선했습니다.
P0333,PC_Peripherals,사무용 마우스,오르빗,오르빗 K6 Lite 사무용 마우스,32900,93,사무직,2.4GHz 무선|무소음 클릭,손목피로,RGB|저지연|가성비|무선,93g의 사무용 마우스로 손목피로 걱정 없이 사용할 수 있습니다. 무소음 클릭 지원.
P0334,PC_Peripherals,사무용 마우스,펄스텍,펄스텍 X5 Pro 사무용 마우스,49900,116,사무직,유선 연결|USB-C 충전|1600DPI|무소음 클릭,손목피로,프리미엄|장시간배터리|유선,"USB-C 충전 기반의 사무용 마우스, 손목피로에 민감한 사용자에게 추천합니다."
P0335,PC_Peripherals,무선 이어폰,제트스위치,제트스위치 X3 무선 이어폰,117900,4,공용,블루투스 5.3|주변음 허용모드|멀티포인트,차음성|착용압박,가성비|장시간배터리|무선|경량,"주변음 허용모드 기반의 무선 이어폰, 차음성에 민감한 사용자에게 추천합니다."
P0336,PC_Peripherals,게이밍 키보드,코어웨이브,코어웨이브 M7 SE 게이밍 키보드,73900,1264,사무직,유선 연결|은축|풀배열|핫스왑 소켓,채터링,핫스왑|인체공학|유선,"은축 기반의 게이밍 키보드, 채터링에 민감한 사용자에게 추천합니다."
P0337,PC_Peripherals,게이밍 마우스,에이펙스IO,에이펙스IO X5 SE 게이밍 마우스,116900,71,FPS유저,2.4GHz 무선|온보드 메모리|26000DPI 광학센서|1000Hz 폴링레이트,무게부담|손목피로|손땀,RGB|저소음|핫스왑|무선,FPS유저 사용자를 겨냥한 게이밍 마우스. 온보드 메모리 구성으로 무게부담을 개선했습니다.
P0338,PC_Peripherals,사무용 마우스,노바핏,노바핏 P2 사무용 마우스,61900,89,디자이너,유선 연결|인체공학 그립|1600DPI,클릭소음|손목피로,핫스왑|휴대성|저소음|유선,인체공학 그립을 적용한 사무용 마우스. 클릭소음 부담을 줄여 장시간 사용에 적합합니다.
P0339,PC_Peripherals,무선 이어폰,제트스위치,제트스위치 X8 Max 무선 이어폰,70900,8,디자이너,블루투스 5.3|액티브 노이즈캔슬링,통화품질,저지연|휴대성|무선,블루투스 5.3 방식의 무선 이어폰. 액티브 노이즈캔슬링 탑재로 통화품질을 줄였습니다.
P0340,PC_Peripherals,사무용 마우스,에이펙스IO,에이펙스IO M1 Pro 사무용 마우스,59900,66,사무직,블루투스 멀티페어링|USB-C 충전|무소음 클릭|1600DPI,손목피로|클릭소음,프리미엄|저지연|휴대성|무선|경량,"USB-C 충전 기반의 사무용 마우스, 손목피로에 민감한 사용자에게 추천합니다."
P0341,PC_Peripherals,게이밍 마우스,코어웨이브,코어웨이브 P5 게이밍 마우스,185900,75,공용,유선 연결|70시간 배터리|8000Hz 폴링레이트|26000DPI 광학센서,손땀|지연시간|손목피로,프리미엄|인체공학|유선,"70시간 배터리 기반의 게이밍 마우스, 손땀에 민감한 사용자에게 추천합니다."
P0342,PC_Peripherals,게이밍 마우스,에이펙스IO,에이펙스IO M5 Pro 게이밍 마우스,185900,49,공용,2.4GHz 무선|온보드 메모리|26000DPI 광학센서,손땀,휴대성|장시간사용|장시간배터리|무선|경량,모든 사용자를 겨냥한 게이밍 마우스. 온보드 메모리 구성으로 손땀을 개선했습니다.
P0343,PC_Peripherals,사무용 마우스,노바핏,노바핏 G6 Max 사무용 마우스,21900,86,공용,블루투스 멀티페어링|1600DPI,배터리부족|그립감|손목피로,휴대성|프리미엄|무선,"1600DPI 기반의 사무용 마우스, 배터리부족에 민감한 사용자에게 추천합니다."
P0344,PC_Peripherals,사무용 마우스,사일런트웍스,사일런트웍스 K3 SE 사무용 마우스,77900,76,디자이너,2.4GHz 무선|1600DPI|USB-C 충전|정숙 스크롤,손목피로|그립감|클릭소음,가성비|저지연|무선|경량,2.4GHz 무선 방식의 사무용 마우스. 1600DPI 탑재로 손목피로를 줄였습니다.
P0345,PC_Peripherals,게이밍 마우스,에이펙스IO,에이펙스IO G8 Max 게이밍 마우스,82900,93,공용,2.4GHz 무선|26000DPI 광학센서,무게부담|손땀|지연시간,저소음|휴대성|장시간사용|무선,93g의 게이밍 마우스로 무게부담 걱정 없이 사용할 수 있습니다. 26000DPI 광학센서 지원.
P0346,PC_Peripherals,사무용 마우스,쿼드리움,쿼드리움 Z7 Max 사무용 마우스,64900,120,공용,2.4GHz 무선|1600DPI,손목피로|그립감|클릭소음,저지연|가성비|무선,2.4GHz 무선 방식의 사무용 마우스. 1600DPI 탑재로 손목피로를 줄였습니다.
P0347,PC_Peripherals,게이밍 마우스,에이펙스IO,에이펙스IO Z7 Lite 게이밍 마우스,142900,62,FPS유저,유선 연결|PTFE 스케이트|1000Hz 폴링레이트|8000Hz 폴링레이트,손땀|그립감|지연시간,저소음|RGB|유선|경량,PTFE 스케이트를 적용한 게이밍 마우스. 손땀 부담을 줄여 장시간 사용에 적합합니다.
P0348,PC_Peripherals,사무용 마우스,쿼드리움,쿼드리움 Z3 Pro 사무용 마우스,61900,95,사무직,블루투스 멀티페어링|1600DPI,클릭소음|배터리부족,RGB|휴대성|저지연|무선,사무직 사용자를 겨냥한 사무용 마우스. 1600DPI 구성으로 클릭소음을 개선했습니다.
P0349,PC_Peripherals,사무용 마우스,사일런트웍스,사일런트웍스 P8 사무용 마우스,68900,79,사무직,블루투스 멀티페어링|AA 배터리 12개월|정숙 스크롤|무소음 클릭,클릭소음|그립감,휴대성|가성비|무선|경량,"AA 배터리 12개월 기반의 사무용 마우스, 클릭소음에 민감한 사용자에게 추천합니다."
P0350,PC_Peripherals,게이밍 마우스,펄스텍,펄스텍 Z5 Max 게이밍 마우스,154900,68,FPS유저,2.4GHz 무선|PTFE 스케이트|광학식 스위치|온보드 메모리,지연시간|손목피로|손땀,RGB|저지연|장시간배터리|무선,2.4GHz 무선 방식의 게이밍 마우스. PTFE 스케이트 탑재로 지연시간을 줄였습니다.
P0351,PC_Peripherals,사무용 마우스,오르빗,오르빗 P3 사무용 마우스,28900,75,공용,유선 연결|1600DPI|정숙 스크롤,클릭소음|배터리부족,휴대성|인체공학|유선|경량,유선 연결 방식의 사무용 마우스. 1600DPI 탑재로 클릭소음을 줄였습니다.
P0352,PC_Peripherals,게이밍 마우스,노바핏,노바핏 K4 Pro 게이밍 마우스,113900,77,디자이너,2.4GHz 무선|26000DPI 광학센서|PTFE 스케이트|온보드 메모리,지연시간,핫스왑|RGB|무선,2.4GHz 무선 방식의 게이밍 마우스. 26000DPI 광학센서 탑재로 지연시간을 줄였습니다.
P0353,PC_Peripherals,사무용 마우스,제트스위치,제트스위치 G2 Lite 사무용 마우스,13900,93,디자이너,유선 연결|1600DPI,그립감|손목피로|클릭소음,프리미엄|저소음|유선,디자이너 사용자를 겨냥한 사무용 마우스. 1600DPI 구성으로 그립감을 개선했습니다.
P0354,PC_Peripherals,무선 이어폰,노바핏,노바핏 X9 SE 무선 이어폰,43900,8,공용,블루투스 5.3|8시간 재생|저지연 게임모드|멀티포인트,배터리부족,장시간사용|장시간배터리|저소음|무선,"8시간 재생 기반의 무선 이어폰, 배터리부족에 민감한 사용자에게 추천합니다."
P0355,PC_Peripherals,게이밍 키보드,코어웨이브,코어웨이브 Z8 Lite 게이밍 키보드,114900,1225,사무직,무선 3모드|은축,타건소음|키감,RGB|저소음|핫스왑|무선,"은축 기반의 게이밍 키보드, 타건소음에 민감한 사용자에게 추천합니다."
P0356,PC_Peripherals,게이밍 마우스,코어웨이브,코어웨이브 P9 게이밍 마우스,187900,85,FPS유저,2.4GHz 무선|8000Hz 폴링레이트|온보드 메모리|70시간 배터리,무게부담|그립감|손땀,핫스왑|장시간사용|무선,FPS유저 사용자를 겨냥한 게이밍 마우스. 8000Hz 폴링레이트 구성으로 무게부담을 개선했습니다.
P0357,PC_Peripherals,사무용 마우스,펄스텍,펄스텍 P4 Lite 사무용 마우스,57900,69,디자이너,유선 연결|1600DPI|AA 배터리 12개월|무소음 클릭,배터리부족|손목피로|클릭소음,장시간사용|휴대성|가성비|유선|경량,"1600DPI 기반의 사무용 마우스, 배터리부족에 민감한 사용자에게 추천합니다."
P0358,PC_Peripherals,게이밍 마우스,펄스텍,펄스텍 M6 Pro 게이밍 마우스,43900,78,디자이너,유선 연결|1000Hz 폴링레이트|광학식 스위치|26000DPI 광학센서,무게부담|지연시간,인체공학|저소음|유선,1000Hz 폴링레이트를 적용한 게이밍 마우스. 무게부담 부담을 줄여 장시간 사용에 적합합니다.
P0359,PC_Peripherals,게이밍 키보드,노바핏,노바핏 G4 Pro 게이밍 키보드,322900,1248,FPS유저,유선 연결|청축,손목피로|타건소음,장시간배터리|휴대성|핫스왑|유선,FPS유저 사용자를 겨냥한 게이밍 키보드. 청축 구성으로 손목피로를 개선했습니다.
P0360,PC_Peripherals,게이밍 키보드,노바핏,노바핏 K8 Lite 게이밍 키보드,199900,1204,FPS유저,유선 연결|갈축,내구성|채터링|키감,가성비|장시간배터리|프리미엄|유선,갈축을 적용한 게이밍 키보드. 내구성 부담을 줄여 장시간 사용에 적합합니다.
P0361,PC_Peripherals,게이밍 마우스,렉스기어,렉스기어 M1 Pro 게이밍 마우스,109900,52,사무직,유선 연결|1000Hz 폴링레이트|70시간 배터리|26000DPI 광학센서,손땀|그립감,휴대성|저소음|유선|경량,사무직 사용자를 겨냥한 게이밍 마우스. 1000Hz 폴링레이트 구성으로 손땀을 개선했습니다.
P0362,PC_Peripherals,사무용 마우스,쿼드리움,쿼드리움 K6 Lite 사무용 마우스,60900,113,공용,유선 연결|1600DPI|인체공학 그립|USB-C 충전,클릭소음|그립감|배터리부족,저소음|RGB|프리미엄|유선,모든 사용자를 겨냥한 사무용 마우스. 1600DPI 구성으로 클릭소음을 개선했습니다.
P0363,PC_Peripherals,게이밍 키보드,코어웨이브,코어웨이브 Z6 게이밍 키보드,163900,627,사무직,유선 연결|적축,타건소음|채터링|손목피로,핫스왑|가성비|인체공학|유선|경량,유선 연결 방식의 게이밍 키보드. 적축 탑재로 타건소음을 줄였습니다.
P0364,PC_Peripherals,게이밍 마우스,코어웨이브,코어웨이브 M2 Lite 게이밍 마우스,107900,91,공용,2.4GHz 무선|온보드 메모리,무게부담,저지연|장시간배터리|무선,2.4GHz 무선 방식의 게이밍 마우스. 온보드 메모리 탑재로 무게부담을 줄였습니다.
P0365,PC_Peripherals,사무용 마우스,사일런트웍스,사일런트웍스 Z7 Pro 사무용 마우스,20900,104,사무직,블루투스 멀티페어링|USB-C 충전|무소음 클릭,그립감|손목피로,저소음|휴대성|저지연|무선,USB-C 충전을 적용한 사무용 마우스. 그립감 부담을 줄여 장시간 사용에 적합합니다.
P0366,PC_Peripherals,무선 이어폰,제트스위치,제트스위치 M3 Lite 무선 이어폰,195900,8,공용,블루투스 5.3|주변음 허용모드,착용압박|통화품질|배터리부족,장시간배터리|장시간사용|RGB|무선,블루투스 5.3 방식의 무선 이어폰. 주변음 허용모드 탑재로 착용압박을 줄였습니다.
P0367,PC_Peripherals,게이밍 마우스,제트스위치,제트스위치 G8 게이밍 마우스,63900,55,FPS유저,2.4GHz 무선|70시간 배터리|PTFE 스케이트,무게부담|손목피로|지연시간,저소음|RGB|무선|경량,"70시간 배터리 기반의 게이밍 마우스, 무게부담에 민감한 사용자에게 추천합니다."
P0368,PC_Peripherals,게이밍 키보드,키크론랩,키크론랩 Z6 Max 게이밍 키보드,252900,1166,공용,유선 연결|풀배열|PBT 키캡|청축,타건소음,저지연|인체공학|유선,"풀배열 기반의 게이밍 키보드, 타건소음에 민감한 사용자에게 추천합니다."
P0369,PC_Peripherals,게이밍 마우스,펄스텍,펄스텍 Z5 Pro 게이밍 마우스,69900,54,공용,유선 연결|1000Hz 폴링레이트|8000Hz 폴링레이트|광학식 스위치,무게부담,휴대성|장시간배터리|가성비|유선|경량,"1000Hz 폴링레이트 기반의 게이밍 마우스, 무게부담에 민감한 사용자에게 추천합니다."
P0370,PC_Peripherals,사무용 마우스,키크론랩,키크론랩 X4 Lite 사무용 마우스,79900,94,공용,블루투스 멀티페어링|1600DPI|USB-C 충전,그립감|클릭소음,저소음|인체공학|무선,1600DPI를 적용한 사무용 마우스. 그립감 부담을 줄여 장시간 사용에 적합합니다.
P0371,PC_Peripherals,사무용 마우스,에이펙스IO,에이펙스IO P4 Lite 사무용 마우스,76900,105,디자이너,2.4GHz 무선|1600DPI|AA 배터리 12개월|정숙 스크롤,배터리부족,장시간사용|저소음|휴대성|무선,디자이너 사용자를 겨냥한 사무용 마우스. 1600DPI 구성으로 배터리부족을 개선했습니다.
P0372,PC_Peripherals,무선 이어폰,노바핏,노바핏 X2 무선 이어폰,136900,7,공용,블루투스 5.3|주변음 허용모드,지연시간,휴대성|가성비|핫스왑|무선,주변음 허용모드를 적용한 무선 이어폰. 지연시간 부담을 줄여 장시간 사용에 적합합니다.
P0373,PC_Peripherals,무선 이어폰,코어웨이브,코어웨이브 P3 SE 무선 이어폰,216900,9,공용,블루투스 5.3|액티브 노이즈캔슬링|주변음 허용모드,통화품질,휴대성|핫스왑|저소음|무선,액티브 노이즈캔슬링을 적용한 무선 이어폰. 통화품질 부담을 줄여 장시간 사용에 적합합니다.
P0374,PC_Peripherals,게이밍 키보드,펄스텍,펄스텍 P4 Pro 게이밍 키보드,285900,1127,사무직,유선 연결|텐키리스|청축|핫스왑 소켓,키감|손목피로|채터링,저지연|장시간배터리|유선,텐키리스를 적용한 게이밍 키보드. 키감 부담을 줄여 장시간 사용에 적합합니다.
P0375,PC_Peripherals,사무용 마우스,오르빗,오르빗 G9 Max 사무용 마우스,22900,76,사무직,2.4GHz 무선|1600DPI|AA 배터리 12개월|USB-C 충전,배터리부족|클릭소음,인체공학|RGB|핫스왑|무선|경량,1600DPI를 적용한 사무용 마우스. 배터리부족 부담을 줄여 장시간 사용에 적합합니다.
P0376,PC_Peripherals,무선 이어폰,렉스기어,렉스기어 K3 Pro 무선 이어폰,190900,6,디자이너,블루투스 5.3|저지연 게임모드|멀티포인트,차음성|배터리부족,인체공학|프리미엄|RGB|무선,6g의 무선 이어폰으로 차음성 걱정 없이 사용할 수 있습니다. 저지연 게임모드 지원.
P0377,PC_Peripherals,게이밍 키보드,제트스위치,제트스위치 M4 Max 게이밍 키보드,173900,1033,사무직,무선 3모드|65% 배열,타건소음|내구성,저지연|가성비|무선,무선 3모드 방식의 게이밍 키보드. 65% 배열 탑재로 타건소음을 줄였습니다.
P0378,PC_Peripherals,게이밍 키보드,에이펙스IO,에이펙스IO K6 Lite 게이밍 키보드,87900,1223,공용,유선 연결|청축|풀배열,키감|채터링|내구성,가성비|인체공학|유선,청축을 적용한 게이밍 키보드. 키감 부담을 줄여 장시간 사용에 적합합니다.
P0379,PC_Peripherals,게이밍 마우스,코어웨이브,코어웨이브 P5 Max 게이밍 마우스,137900,76,FPS유저,유선 연결|26000DPI 광학센서|온보드 메모리,손땀|손목피로|지연시간,휴대성|저소음|저지연|유선,FPS유저 사용자를 겨냥한 게이밍 마우스. 26000DPI 광학센서 구성으로 손땀을 개선했습니다.
P0380,PC_Peripherals,사무용 마우스,펄스텍,펄스텍 P5 Max 사무용 마우스,13900,115,사무직,유선 연결|무소음 클릭|인체공학 그립|정숙 스크롤,배터리부족|손목피로|클릭소음,가성비|인체공학|핫스왑|유선,무소음 클릭을 적용한 사무용 마우스. 배터리부족 부담을 줄여 장시간 사용에 적합합니다.
P0381,PC_Peripherals,게이밍 키보드,쿼드리움,쿼드리움 M1 SE 게이밍 키보드,343900,797,사무직,무선 3모드|풀배열|65% 배열,내구성,저지연|핫스왑|저소음|무선|경량,797g의 게이밍 키보드로 내구성 걱정 없이 사용할 수 있습니다. 풀배열 지원.
P0382,PC_Peripherals,게이밍 키보드,제트스위치,제트스위치 P3 Pro 게이밍 키보드,161900,1052,FPS유저,유선 연결|RGB 백라이트|갈축,키감|채터링|손목피로,저소음|RGB|장시간배터리|유선,FPS유저 사용자를 겨냥한 게이밍 키보드. RGB 백라이트 구성으로 키감을 개선했습니다.
P0383,PC_Peripherals,게이밍 마우스,펄스텍,펄스텍 Z9 게이밍 마우스,59900,76,FPS유저,2.4GHz 무선|광학식 스위치|온보드 메모리,그립감|무게부담|지연시간,가성비|휴대성|프리미엄|무선,2.4GHz 무선 방식의 게이밍 마우스. 광학식 스위치 탑재로 그립감을 줄였습니다.
P0384,PC_Peripherals,게이밍 키보드,노바핏,노바핏 G8 Max 게이밍 키보드,246900,1167,공용,무선 3모드|청축|풀배열|RGB 백라이트,키감,장시간배터리|저지연|핫스왑|무선,1167g의 게이밍 키보드로 키감 걱정 없이 사용할 수 있습니다. 청축 지원.
P0385,PC_Peripherals,사무용 마우스,사일런트웍스,사일런트웍스 P7 SE 사무용 마우스,15900,115,사무직,유선 연결|USB-C 충전|AA 배터리 12개월|1600DPI,그립감|클릭소음|손목피로,장시간사용|가성비|유선,유선 연결 방식의 사무용 마우스. USB-C 충전 탑재로 그립감을 줄였습니다.
P0386,PC_Peripherals,게이밍 마우스,키크론랩,키크론랩 P5 Max 게이밍 마우스,77900,65,FPS유저,유선 연결|1000Hz 폴링레이트,그립감,RGB|인체공학|프리미엄|유선|경량,"1000Hz 폴링레이트 기반의 게이밍 마우스, 그립감에 민감한 사용자에게 추천합니다."
P0387,PC_Peripherals,게이밍 마우스,에이펙스IO,에이펙스IO P9 Pro 게이밍 마우스,151900,49,공용,유선 연결|26000DPI 광학센서,무게부담|손땀|지연시간,저지연|가성비|유선|경량,모든 사용자를 겨냥한 게이밍 마우스. 26000DPI 광학센서 구성으로 무게부담을 개선했습니다.
P0388,PC_Peripherals,게이밍 키보드,에이펙스IO,에이펙스IO P5 Pro 게이밍 키보드,234900,1013,FPS유저,유선 연결|65% 배열,손목피로,저소음|RGB|유선,"65% 배열 기반의 게이밍 키보드, 손목피로에 민감한 사용자에게 추천합니다."
P0389,PC_Peripherals,게이밍 키보드,쿼드리움,쿼드리움 K3 Pro 게이밍 키보드,187900,1245,FPS유저,무선 3모드|갈축|청축|텐키리스,타건소음,프리미엄|장시간배터리|무선,FPS유저 사용자를 겨냥한 게이밍 키보드. 갈축 구성으로 타건소음을 개선했습니다.
P0390,PC_Peripherals,무선 이어폰,키크론랩,키크론랩 M7 SE 무선 이어폰,120900,7,FPS유저,블루투스 5.3|저지연 게임모드|8시간 재생|주변음 허용모드,배터리부족,가성비|장시간배터리|핫스왑|무선,FPS유저 사용자를 겨냥한 무선 이어폰. 저지연 게임모드 구성으로 배터리부족을 개선했습니다.
P0391,PC_Peripherals,사무용 마우스,펄스텍,펄스텍 P3 Pro 사무용 마우스,66900,101,공용,2.4GHz 무선|1600DPI|정숙 스크롤,배터리부족|손목피로,장시간사용|저지연|무선,2.4GHz 무선 방식의 사무용 마우스. 1600DPI 탑재로 배터리부족을 줄였습니다.
P0392,PC_Peripherals,무선 이어폰,노바핏,노바핏 X3 Pro 무선 이어폰,127900,4,사무직,블루투스 5.3|8시간 재생|액티브 노이즈캔슬링,통화품질,핫스왑|장시간사용|RGB|무선|경량,"8시간 재생 기반의 무선 이어폰, 통화품질에 민감한 사용자에게 추천합니다."
P0393,PC_Peripherals,게이밍 키보드,펄스텍,펄스텍 P9 Pro 게이밍 키보드,108900,1073,디자이너,유선 연결|갈축|핫스왑 소켓,내구성,저소음|프리미엄|핫스왑|유선,1073g의 게이밍 키보드로 내구성 걱정 없이 사용할 수 있습니다. 갈축 지원.
P0394,PC_Peripherals,사무용 마우스,키크론랩,키크론랩 M4 Lite 사무용 마우스,77900,69,사무직,2.4GHz 무선|USB-C 충전|인체공학 그립|무소음 클릭,클릭소음|손목피로,저지연|RGB|프리미엄|무선|경량,69g의 사무용 마우스로 클릭소음 걱정 없이 사용할 수 있습니다. USB-C 충전 지원.
P0395,PC_Peripherals,사무용 마우스,렉스기어,렉스기어 Z4 Lite 사무용 마우스,16900,65,디자이너,유선 연결|1600DPI,클릭소음,프리미엄|장시간배터리|유선|경량,65g의 사무용 마우스로 클릭소음 걱정 없이 사용할 수 있습니다. 1600DPI 지원.
P0396,PC_Peripherals,게이밍 마우스,에이펙스IO,에이펙스IO K6 SE 게이밍 마우스,109900,83,FPS유저,2.4GHz 무선|26000DPI 광학센서,무게부담|손땀,핫스왑|인체공학|장시간배터리|무선,FPS유저 사용자를 겨냥한 게이밍 마우스. 26000DPI 광학센서 구성으로 무게부담을 개선했습니다.
P0397,PC_Peripherals,사무용 마우스,노바핏,노바핏 K7 Max 사무용 마우스,25900,104,사무직,유선 연결|인체공학 그립|무소음 클릭,클릭소음|손목피로|배터리부족,가성비|핫스왑|장시간사용|유선,사무직 사용자를 겨냥한 사무용 마우스. 인체공학 그립 구성으로 클릭소음을 개선했습니다.
P0398,PC_Peripherals,게이밍 키보드,제트스위치,제트스위치 M2 Max 게이밍 키보드,330900,695,FPS유저,유선 연결|흡음재 3중|텐키리스,키감|타건소음,휴대성|장시간사용|유선|경량,FPS유저 사용자를 겨냥한 게이밍 키보드. 흡음재 3중 구성으로 키감을 개선했습니다.
P0399,PC_Peripherals,게이밍 키보드,키크론랩,키크론랩 K8 Pro 게이밍 키보드,201900,1359,사무직,무선 3모드|65% 배열,키감|타건소음|손목피로,프리미엄|장시간사용|저소음|무선,"65% 배열 기반의 게이밍 키보드, 키감에 민감한 사용자에게 추천합니다."
P0400,PC_Peripherals,사무용 마우스,코어웨이브,코어웨이브 P9 SE 사무용 마우스,35900,119,사무직,유선 연결|AA 배터리 12개월,클릭소음|그립감|손목피로,저지연|RGB|유선,"AA 배터리 12개월 기반의 사무용 마우스, 클릭소음에 민감한 사용자에게 추천합니다."
